"species","Id_species","beta_intercept","beta_temp","beta_prec","beta_sais_temp","beta_sais_prec","beta_pet","beta_cwd","beta_ndm","lambda_1","lambda_2"
"Ocotea laevis",1,-3.2800583292996,2.40012684172998,1.9911474265767,3.77071637976958,3.02563066056327,-3.86955342951263,-0.679296390753776,1.64320584800391,1.00449363891851,0
"Cryptocarya louvelii",2,-9.97357658363381,10.3838099579264,2.25637541365724,2.63085277361493,0.217074560404743,-14.2937187369208,-5.11456908063148,2.9945350564653,0.949454849272946,0.0986285320687881
"Potameia incisa",3,-43.2471959520662,16.6586882964343,9.82551190666045,-27.9993379900173,27.8962848426885,-18.5303111233949,-28.3502815062743,-28.2462534500719,6.62414169569734,-0.159067928338271
"Ilex mitis",4,-4.49889388900109,1.04184201323602,0.415312894810758,0.903461584817267,1.53170846110503,-1.57462284985333,-4.43746180857344,1.49750197235808,0.176938065253035,0.275061983003588
"Bridelia tulasneana",5,-5.42537304840334,4.13758876739134,0.744884004180769,0.837474252348892,-1.05575872359135,-7.6074245588038,0.373371928322272,0.671926934263201,0.198853189125806,0.250171216802155
"Manilkara hexandra",6,-1.31760920993986,1.43384549191205,-0.476823482370866,-0.452996822723372,0.307971047636584,-0.882208128368028,-1.16559744462186,-0.627329831037221,0.218538936385905,-0.611603795851108
"Cassinopsis madagascariensis",7,-6.19403184259722,-0.231161592965091,0.996715320539563,3.68889971566376,3.4188997682936,0.521897256661686,-4.87701330911228,3.18037253423931,0.507455406975086,1.17833239377012
"Domohinea perrieri",8,-4.5925998337531,2.36074707417752,0.80889447408589,2.42616282667591,2.4627854022998,-6.07448647512728,3.97862551490527,-1.05756496513011,1.36307304307302,0.208714812890843
"Ravensara polyneura",9,-2.4183377591556,2.40489654766895,-0.544097661732564,0.897840145946695,0.142686557887057,-3.65579371994117,-1.71420329595742,1.2045397468181,0.907251427363723,-0.278788456544765
"Dracaena reflexa",10,-6.66415799605703,5.06924683577812,0.177955915696244,0.181210721413737,0.316147275333167,-9.50658141319741,0.0900703166895827,-0.648713030731539,0.576215192537071,0.153825476399857
"Pachytrophe dimepate",11,-6.43517998514506,3.0956446384765,-1.18926680032072,1.16800447477089,0.826613252096711,-4.34005676835669,-6.23218254299824,1.90475285542995,0.697395198409831,0.483052090175626
"Xylopia buxifolia",12,-2.07229001743813,-0.75254694591893,-0.120901076930457,1.85714282058907,0.375035824477141,-0.131683530480591,0.060727055656144,1.23897512381656,0.443182011317782,-0.414243657932066
"Manilkara laciniata",13,-29.2290733487278,1.32467603437691,16.0795886041817,5.25191347565464,9.59475816778771,3.3500234947622,-28.2895768766213,13.3536589752572,3.43504425688078,1.16997990047956
"Chrysophyllum boivinianum",14,-1.71580356278202,1.61132948620769,-0.179241941846396,0.298443329682061,0.636890021122337,-2.21500844588932,-1.36318215560042,0.42089390970647,0.285813292691523,0.232737125241053
"Neodypsis lastelliana",15,-4.18132878094113,1.85414270825334,0.479939402693121,2.8049686048375,0.79934391741746,-3.0670308049873,0.148930142812075,1.47817848619908,-0.186895524436429,-0.249112049215523
"Dombeya lucida",16,-2.69385347157044,0.254686030561506,-0.373927441489245,0.696762277093562,-0.128673312732793,-1.18351648188856,-1.20219152468101,1.22069090872935,0.362944355428091,-0.0846798795686598
"Brachylaena merana",17,-2.02371357449552,-0.898964727636543,0.569566632106159,-0.440667768158801,0.745830366430373,2.13710705825928,-2.32711953362037,-0.114541942481146,-0.0972224083833943,-0.124255160004248
"Dichaetanthera cordifolia",18,-4.65797621490561,3.57582389579293,0.566580488772837,0.461524262366465,2.31986236315667,-3.98102080553914,-3.60977979913925,0.291637819479459,-0.380218524506521,-0.354970924926185
"Tambourissa trichophylla",19,-2.93655253387019,1.38511453085322,-0.349582050584523,1.85478658452863,0.38750744540989,-3.35019018504077,0.0136630955014646,1.02661005621248,0.719066455726776,0.0969758155791171
"Symphonia fasciculata",20,-2.45148136622327,2.97451482159921,0.0304121666886032,1.31821266934939,0.827768196034149,-3.85054538068537,-0.997298007109366,0.523534611994409,0.491423770714142,-0.396502448014797
"Eugenia urschiana",21,-2.48734586581049,0.143267196706982,-0.844778550434237,0.674619549867957,0.490865298648582,-0.549402561076649,-2.53733804880782,0.249536824558488,0.853523150475575,-0.338482404653419
"Canarium madagascariense",22,-1.52657047855873,1.39081063346203,-0.576709641397566,0.806536172864127,0.314699235929577,-1.77010677952636,-1.50861472224121,0.918898242138365,0.464539628547151,-0.25456569712791
"Breonia madagascariensis",23,-2.1169732488709,-0.945737952929983,-0.930476082298102,0.434306487195174,0.207761310534051,0.460991714242245,-0.679950381493947,0.0511018680846034,0.263124668234593,-0.248557874633031
"Antidesma petiolare",24,-12.2276913700067,2.25636409859021,0.0849362898102765,7.68884771201675,4.4741309109894,-6.3397235127377,-6.37708393069317,2.78561093033218,0.771625086383914,0.165915159513985
"Breonia sinensis",25,-36.6512925927229,20.8491318931378,11.5252249603887,-13.6825773137302,24.7489077650668,-10.045435898718,-52.6680163595514,-2.13050751625422,3.0276604652661,-3.60305985535711
"Vernonia garnieriana",26,-7.74683486810665,4.10360631656425,0.318550182664745,1.48151734224447,0.62016050529826,-7.69319102261221,-4.18040485899057,2.74633328254531,0.114187284021439,-0.148059678611953
"Filicium decipiens",27,-7.85120927240315,1.9711826349805,-1.08520907013468,1.01502831365423,2.60508032099166,-4.81629145035223,-3.6221089473301,-1.5414636362756,0.37376838274064,-0.322918767976571
"Chrysalidocarpus decipiens",28,-51.7645246867914,25.1015523885309,28.7246390561033,-32.1102626175249,18.5215992621096,-4.10673036280512,-34.2761753183639,-37.3842629760205,1.9916389253261,-4.62108144559598
"Scolopia louveli",29,-46.7704856615042,25.677612733736,18.0878493153111,9.97877232467278,34.6918895884386,-46.9234748592224,-6.68039314486666,-12.4966362734786,-0.453933360760055,-5.10091687874744
"Weinmannia rutenbergii",30,-16.2786716469312,-5.43383866774459,6.97195722319949,9.08459628313896,6.16153545896487,-4.08002447170489,12.7460663996293,-7.09296599869864,1.1527169461742,-3.84045840238993
"Aphloia theaeformis",31,-4.74647325347887,1.07044955558125,-0.552388588968488,-1.44122249156509,1.86909849429115,-1.34071754085395,-4.59486009792712,-0.837972896826103,0.0371565619373737,0.0553383708402404
"Leptolaena multiflora",32,-26.2702661043041,34.1113122146403,4.77041781077235,2.80962474342453,-2.89209004245654,-65.4994019467425,10.8119029036128,1.71322565433868,0.57562029493002,0.916064536741938
"Schefflera vantsilana",33,-1.97651228055163,-0.578152365108906,0.428809680061777,0.213255013151772,0.608908259583501,0.560572877043444,-1.08784400697671,-0.203449168927597,-0.17848126274166,-0.00449970892502052
"Weinmannia bojeriana",34,-2.35301538549854,-0.725810919854787,-0.93673115627783,0.0594123562438963,0.27173585122856,0.815442337518122,-2.35766998316814,0.197746362705652,0.772674694423423,-0.25686901564268
"Psorospermum lanceolatum",35,-29.4642818420906,20.4231850261155,13.8365565841551,0.381715908445222,25.3971566718792,-26.2743857571945,-21.5022950198183,-1.86917888220501,0.951316880798845,0.894699825249942
"Macaranga alnifolia",36,-3.21997006339588,0.133563888768941,-0.228417011067156,1.73797079874695,1.05215499026058,-0.189603264244111,-2.4968586162539,1.43366717387644,0.411741052374764,0.00197795068337219
"Canthium medium",37,-4.82802851185201,0.624763588368324,-0.68145646497781,0.847676918629696,0.86616585642261,-0.245804976062701,-5.2119961686212,1.42905938406807,0.671362632028625,-0.0686642801238073
"Dialium unifoliolatum",38,-7.25494013227329,2.76104849966394,-0.745646056586575,2.80438267758932,2.25887183214223,-3.39361998288712,-7.96760972810916,3.10241540001629,0.463947409690219,0.0551783033764592
"Solanum auriculatum",39,-27.4983693342183,8.14247451550224,10.5814310813711,19.6273397223606,31.9435266497937,-8.57695106231227,-28.6427597689702,16.1209840398943,2.74114446414758,4.08559042759476
"Tambourissa religiosa",40,-43.5397401938987,84.9825537809328,12.3190719545931,-2.68256892389795,5.52237502561244,-121.979408563009,7.1470661392943,-4.94733477291007,0.202168995318204,4.03004062559922
"Pittosporum ochrosiaefolium",41,-2.89001611073262,1.10071564688133,0.822732978367756,3.00676126975223,1.10307023630125,-2.75918634804201,0.517811974878441,2.16804194065848,0.447018515081811,0.0414156935607662
"Harungana madagascariensis",42,-3.60731576253041,0.707636964357689,-0.625382842996944,1.13867240429691,1.75990147256429,-2.0308160514017,-0.442497838393326,-0.969558756463095,0.298978258821782,0.000522277265748357
"Podocarpus madagascariensis",43,-2.85205942700301,-0.461984729193264,0.132063961716884,1.65128012296316,0.727650813333539,0.523525438698303,-1.60280869490016,1.41026324158825,0.48958135048809,0.0488384670026226
"Brachylaena ramiflora",44,-2.79811569904236,1.45949566781865,0.241357297179255,0.78487411131674,0.819797602541635,-1.14286249107679,-0.581250777431122,-0.200212572067275,0.685431193613005,-0.122506113550718
"Macaranga cuspidata",45,-12.1777221281459,13.9640301026193,0.291155855485111,0.568704547169073,2.51014198378329,-19.2219568795277,-8.64989995810812,2.69676423153357,0.418613647109551,0.0703050406939932
"Ravensara pervillei",46,-19.0830862378785,22.6795937373013,0.242617212734774,-0.0504072404432966,0.0936920445365988,-36.0456053306767,-4.45183216829994,1.46320265169292,0.102096608652719,-0.545879819526366
"Dalbergia baroni",47,-2.19873777014374,2.16308743178925,0.225482476556207,1.64144626238548,0.176965516348645,-3.20386512643753,0.143377563762457,1.1186197265623,0.902374455162403,-0.461432210982703
"Erythroxylum ferrugineum",48,-1.87387971562728,0.779339863199085,0.0105430416377981,0.239014789183162,0.658735087609887,-1.32890457381376,-0.77500477048535,0.233689142585818,0.346012509888331,-0.236467335286162
"Protorhus ditimena",49,-7.20928824294635,2.47616513857852,2.55466401647011,4.84151466644851,1.23790532642268,-9.11458793614655,5.56417288021923,-0.687231917287737,1.07061667886969,-0.775268563485718
"Ocotea racemosa",50,-29.310884535377,-6.32725907264627,5.8305764525871,-4.90584029135643,14.6863440221808,19.8532969678583,-42.0976307794405,-6.24148633641597,0.642416026940668,-2.10036931675907
"Ravensara crassifolia",51,-10.719881208554,8.25012684918037,1.04909410919559,0.805430541735578,2.8814993112392,-8.8467420175226,-7.94837294586869,0.514017788288931,0.766659748488097,0.203928467048525
"Smilax kraussiana",52,-31.8065488495793,58.0999005357573,15.5433582611927,35.8329047642796,19.2949200287256,-75.5836906503513,12.2513477726566,15.6217724147436,7.79166764749234,2.76708496834917
"Ficus pachyclada",53,-5.34831125172698,0.776551461811049,0.11968811832058,1.74780613680432,0.692824413524079,-2.02003655750022,-3.46069299787723,1.93888492919406,0.567543657314967,0.0567405015874966
"Albizia gummifera",54,-2.22297905408559,-0.131181081526847,-0.373014988433989,0.947988408888832,0.843395236564074,-0.24301708401172,-0.908340378356414,0.231396248641829,0.497049676001161,0.111743560186261
"Uapaca densifolia",55,-1.98426882438633,1.64639076732557,0.175632382836312,0.388648738882488,0.24589387226509,-1.0498338159197,-2.12404597900104,0.744588465293323,0.480727836259388,-0.395189549133451
"Ravenala madagascariensis",56,-3.3038531069112,3.14407619820013,0.0779437782438148,1.52022890988571,1.32287402005524,-2.88252807768977,-2.33788025633861,0.449860018550715,-0.520970505394571,-0.38914261949516
"Erythroxylum nitidulum",57,-37.0286963560872,3.24908881762064,13.4822461650757,6.36778826189289,7.57869774434827,-7.49866081437188,-28.5889086316706,11.3636572641861,1.07304675994508,-3.96884767867812
"Acacia pervillei",58,-49.8762946253631,-35.9976455826503,32.5686074413045,15.914776339506,12.2819608166405,55.947143233451,-25.5679602036873,-4.55114248528385,2.7482267471906,-6.76426193915854
"Hibiscus lasiococcus",59,-9.55176766476709,5.50656119626153,-0.502456364992927,3.72825272314141,2.09075636905732,-9.75783389851946,-4.91356142075878,3.32424895070905,-0.048956483156075,-0.521653970824552
"Asteropeia rhopaloides",60,-40.5681362948301,77.8195273576269,14.9326990024408,13.6400648285274,8.28082454061694,-123.530195209001,41.5200110716652,-10.1157254061205,7.41192342866045,-3.80426696267959
"Ravensara laevis",61,-22.76125119915,13.9273547187897,0.395939713664181,1.38982666940525,7.03985425922479,-17.124258064734,-15.9164338722574,3.13168410522003,2.71724898458183,4.39715918947023
"Colubrina faralaotra",62,-4.80979069689265,3.1362917428239,0.642414019896349,3.77385300565048,2.34400892274717,-4.31567679383041,-0.000134696951556018,0.914037272814431,0.891333990421657,0.930824480331681
"Ravensara floribunda",63,-30.3841589847016,31.5210590732923,17.2828822593437,13.0096560461076,6.41162694362152,-57.2953790107863,17.5539745578161,1.69823292146614,2.82302792339571,0.582753835720528
"Craterispermum laurinum",64,-4.20666948718902,2.90120368559545,-0.450245533156524,-1.43137217204946,1.20984858089222,-3.94056944681353,0.819254546483808,-2.99108801498343,0.415621630141082,0.429613589016544
"Phyllarthron madagascariense",65,-2.86414706987296,0.586076310942676,-0.574748548476635,1.12910412402577,0.13566381973378,-1.46210364271606,0.445312708154302,0.231912388526212,0.26011431579683,-0.0153404141993867
"Cryptocarya thouvenotii",66,-9.75898144657562,8.23719834392332,3.76675101235498,2.26800755785076,-1.88932265729635,-17.4264576103184,3.46006817681576,3.19298826129792,-0.046780856590236,-0.201315219223241
"Khaya madagascariensis",67,-2.38730320510852,1.11165001707565,-0.73524834027055,-0.7930817439522,0.232101550126784,-1.22168446046224,-0.42439203952256,0.180523464731723,0.819176204962219,-0.190661622040575
"Asteropeia micraster",68,-11.502905497312,23.8252820988135,2.67978379504031,0.676911866846942,0.372908513320671,-28.6973056525434,-1.17853528821223,0.391514757156136,0.391242783017292,1.35970289586033
"Strychnopsis thouarsii",69,-5.34190429537925,1.04469935584787,-0.970949692455348,2.24379566595493,0.489783614363041,-2.30779621974067,-3.61190811696889,4.03381496549142,0.963843471928178,-0.121338296960338
"Dilobeia thouarsii",70,-16.2615508198711,5.78941793610994,3.46924646437525,-6.07094916267391,2.42864047322007,-2.61733489510933,-21.3936235781271,-1.08683266580904,0.297164767425141,0.15674273403534
"Plagioscyphus jumellei",71,-39.4517509111701,49.7161740202583,12.8924365069518,26.5045059727614,10.7663307305692,-71.8450041545364,-18.738025101932,33.3471740933536,6.12537752514861,1.02348727043299
"Cordyla haraka",72,-13.7876071603251,15.5014215402398,0.517861373245898,7.30650805497558,0.674437165525495,-22.3386123358855,-6.24229121336604,7.9454851123851,1.23487857136344,-0.365986422437457
"Mantalania sambiranensis",73,-37.2602520575953,0.135723672369559,18.7332929078591,-18.199281860894,25.7842475116583,29.8235817058912,-72.7401610859328,3.73304965155788,3.91288292369496,-0.532366547494654
"Ouratea lanceolata",74,-19.9822305650737,4.6975429936602,-0.72873143061771,-14.4416405213944,13.0177416372946,6.00187118959643,-36.6708519052005,-6.70787805575222,2.01025918298694,1.40479130174574
"Sloanea rhodantha",75,-7.99486311278389,3.45600086307324,-0.074655245825351,0.0421794244011741,0.591523364394693,-7.46095139310754,-3.98551692041894,0.160289010214916,-0.156684823466228,0.452518987135992
"Dichaetanthera oblongifolia",76,-5.1503090472058,-1.77269029753445,-0.754228809092225,-0.235966204521841,1.99689939376017,3.78555202111871,-6.71925129844483,1.09024108038757,0.528406548866856,-0.419996557240175
"Eugenia vatomandrensis",77,-41.9896372150154,-10.0684913541541,27.1228027834112,5.18029698537301,21.0610141733297,-2.51864976228782,-3.09487741680086,-2.84576326006399,1.71601949720947,-2.81006997117552
"Calophyllum parviflorum",78,-1.710941813019,0.972890772787433,-0.589119791267884,-0.172785460316088,0.748701604702142,-0.59930654372447,-3.08723663102553,0.481389679731043,0.00586194106023748,-0.106592590133899
"Anthocleista madagascariensis",79,-10.5250064346256,-2.15238336166221,0.635897520683991,2.42522087284853,-0.334459657496663,-0.406228548877918,-4.45917468671842,0.712644851452564,0.712600443418794,0.644412584942959
"Diospyros hazomainty",80,-30.923707008041,-5.73881383333674,10.3558692027339,7.76468823112657,32.0767940923999,6.55778905888174,-27.9374611832479,-0.526161989109165,2.27401204882694,-3.11172652350921
"Ficus torrentium",81,-34.6639264872706,-22.7959436831652,13.0341459966127,-9.62021802675966,21.497457264971,36.6098591202863,-42.1001338072288,4.6362246642943,4.85183380421056,2.76868355278397
"Noronhia seyrigii",82,-3.31384002010785,1.26978765514503,-0.715055370129613,-0.287262158619312,0.656155015482361,-0.93246811364088,-2.81645314697636,0.154960915239267,0.166478454621341,-0.0601327958394798
"Anthostema madagascariensis",83,-4.21711151873077,5.76841601898414,-0.221085907984005,1.57882364892156,0.152001986013602,-6.7656809130825,0.670229960433611,-0.293574519574252,0.413657978469548,-0.986176743734811
"Diospyros gracilipes",84,-1.48027652812732,1.1236629790476,-0.304275506052197,0.0612540827764098,0.255124834498953,-1.63610313257605,0.626150883444996,-0.815862952033867,-0.0685307013170484,-0.0417430239665688
"Vepris ampody",85,-4.23900929062906,7.14455178131881,0.862634917016672,1.61994288076287,0.663947962904314,-10.4288506600319,3.46734915970304,-0.245942035369584,0.662654732305619,0.356214858306471
"Rhus taratana",86,-7.52404397077684,13.2312848950996,0.404918801830367,1.15884181499415,0.171419497004599,-15.5244620613317,-1.68105128349156,0.436292952609249,0.732807284218483,-0.485702968038061
"Memecylon bakerianum",87,-8.0800065075059,7.8934383125534,-0.0152789815446337,0.597595487847706,0.611400788862821,-9.26695069879548,-6.25163868160875,1.76548865633805,0.495827180237226,-0.171060677519545
"Cynometra lyallii",88,-2.39767707477635,0.378202812964216,-0.492544946434091,-0.528651526829166,0.297630911017136,0.362829040696302,-1.64849262318838,-0.365625127997691,0.388941208859954,-0.223608185875101
"Cleistanthus perrieri",89,-7.73875957532063,3.09797943570727,-0.944592385579995,-1.5713059228446,0.332554884295749,1.36858907569621,-8.1315622342231,1.21223566065954,-1.79978256278018,0.320474331870105
"Ravensara acutifolia",90,-41.3132894014633,35.4054317595874,14.0669665031082,23.7057824316893,2.37215444583562,-38.488080724557,14.1841234436248,0.521533831589716,0.353631019349354,1.46300127250514
"Garcinia verrucosa",91,-2.65389542154511,0.642542699752071,-1.0219725305271,0.525504985623197,0.67403163510551,-0.971703906346425,-1.47908783748849,-0.0871869243451406,0.37763055210569,-0.250645371584455
"Polyscias fraxinifolia",92,-26.368951545213,4.78086631570507,3.17326876255672,7.31641601578372,1.36941058492899,-13.8828131598874,-13.6028906042868,3.65761485622869,0.535500025833402,0.116512239250202
"Terminalia tetrandra",93,-8.82873179417075,9.9108459812587,3.35632504468603,3.58430330787583,1.97608453035355,-14.7808985838802,0.953507527977117,0.263341489337592,0.268283351974494,-0.708291167955686
"Zanthoxylum madagascariense",94,-40.0219614592696,1.50029677283541,26.242896172439,5.03424220601341,-0.652753041260546,4.42058545961047,-14.9603521017774,-2.09840077902184,-1.19381968456673,-1.11580379303848
"Polyalthia emarginata",95,-2.52962348996942,1.59579098340581,-0.833517449666578,0.303985018704847,-0.16762292136764,-2.32627150988582,-0.427831628204883,0.280047732907182,0.276232831433591,-0.0686271880759507
"Eugenia hazompasika",96,-3.04025331586277,1.20610787296101,-0.200692535838433,0.16809919362861,1.02432156726183,-0.350186368053957,-3.57503703221882,0.816573616386964,0.293884621857912,-0.290199924368749
"Elaeocarpus sericeus",97,-41.1880273809532,-0.495980165141274,-1.47158037595896,8.34695279162803,13.3931674900219,-1.37654241098202,-43.6287715761231,2.04371228847794,0.57928363049238,0.728851367933401
"Protorhus sericea",98,-39.4291992589006,66.9675452622705,22.8860026011325,31.6602540546924,27.4495486916665,-101.699725174186,38.6613898770534,-8.70816112677878,4.35001596452049,1.9229194176362
"Ludia ludiaefolia",99,-26.8920838807814,34.3069411324429,8.23041556852283,14.5555577164361,-6.32759173722093,-59.8448966280623,7.23291077388338,14.9282106080143,2.02359975523309,0.225693654554
"Nuxia capitata",100,-4.96162621998023,0.0230297057337965,-0.256563192551324,2.31480301788861,1.76787897573327,-0.504641583557535,-1.51245507586297,-0.137019648283058,0.713042068153118,0.46138995675172
"Pandanus vandamii",101,-30.6700628069916,17.8723486704889,9.54046743648901,22.5368720381063,22.6904403544415,-16.0401973063461,-34.224431698309,21.6615551447756,4.9800556789896,-1.86802351699732
"Dialium madagascariense",102,-4.92665789056849,3.84697485869028,0.227687450852592,1.24376492977473,1.53847716430676,-2.67893387064119,-3.30520560327817,0.500499080993104,0.509702959449466,-1.12176442085298
"Psychotria obtusifolia",103,-36.5495907364358,53.8664542568711,18.7237694419603,37.002696269427,13.7175010950651,-69.0454954187164,-6.6637490016103,30.1720028701336,3.89189288791149,-1.33097203868779
"Asteropeia amblyocarpa",104,-23.658375737808,53.3818042891326,12.9370475808507,7.92638258942972,2.89351871967499,-65.0761315869159,7.3263542394456,0.854431053356634,0.0983680130625183,-1.30487971509656
"Micronychia tsiramiramy",105,-2.4288803004045,1.2406237397014,-0.334814119631899,0.487203960860532,0.646047113356172,-1.45618603538563,-1.7003295298979,0.673293687895336,-0.0212380488645383,-0.133412546229126
"Dalbergia chapelieri",106,-14.8173136663732,16.2458262541728,4.27555249633471,1.0763150015215,-0.108796557696524,-30.1781835009029,4.43170912110994,-0.538886543086445,-0.453108148656035,1.01847364357515
"Symphonia pauciflora",107,-29.0948607157194,-3.73228174599818,14.894954556798,19.1067963961379,5.43767500602564,5.40535631138751,-18.9741842346672,17.9199814011374,-0.800749429604504,-4.38742715900016
"Sarcolaena oblongifolia",108,-2.99251178433779,1.28578284204967,-0.28687772088155,-1.11955782207164,-0.574287868531291,-1.26508173809493,-1.38115425191627,-0.116756633443338,0.224904234238464,0.0678057503031681
"Annona muricata",109,-40.6316484188186,26.9927761069936,13.4740858305608,-2.65966587677363,19.4274588428781,-50.9783692548339,28.2077879091893,-36.2812423283326,5.96617688294086,-1.99791867580076
"Calliandra affkony",110,-3.55615485491517,1.30524649096568,-1.07707722626416,0.465284323833339,1.15983774262217,-1.25135617878045,-1.88882698677453,-0.5029469226113,0.399497741710527,-0.326439927342815
"Cuphocarpus aculeatus",111,-34.033567017405,15.590547612166,5.68936874457571,23.5712540590695,-1.36632716902006,-65.016780382531,50.2609371858118,-2.21261016224789,6.64639381404283,0.938107498094486
"Areca madagascariensis",112,-32.5146239542602,32.4290600492061,8.83307633037827,6.68348804115908,21.0000912502714,-45.7885316105273,16.6364848519498,-21.8963719066496,9.07144156597493,0.456026645325254
"Eugenia vacciniifolia",113,-30.5877986080602,6.06735313133751,-1.5879255675319,-25.7234661727494,4.02430907274681,-2.96489845469068,-16.141968285746,-24.8694245448706,4.25767555045418,-5.51565774551233
"Myrica spathulata",114,-35.2028381442308,39.0730758984966,11.519807504702,-10.275547454895,17.200339369727,-42.6389859293158,-8.51459839162843,-21.6378864319116,4.91124864982952,-4.02909587170452
"Manilkara thouvenotii",115,-34.4049342367813,41.5148082348609,5.50494610744611,7.59309768242942,17.9137844442447,-60.27808357759,7.28356685250528,-13.1003520635131,6.45808890202723,-1.77243666870316
"Euphorbia tetraptera",116,-3.01594410180141,2.67994154389391,0.109391502866713,-1.06861249908702,0.180551312575325,-2.50585675801322,0.541233243386717,-0.826570233977608,0.0581551839942107,0.195995504789739
"Homalium albiflorum",117,-25.3993032195549,17.8669947374395,5.20175967063544,-11.4529003911029,13.900885726118,-10.7129588950904,-9.66655223359198,-23.1659581744218,5.39374392774949,-1.91663992185673
"Blotia oblongifolia",118,-3.52574365168003,0.503886758328836,-0.559516720013061,0.232787563255328,1.22376118663441,-0.0532596433315342,-2.24867244596265,-0.860774109112353,0.437701948416594,-0.322604893777694
"Carissa edulis",119,-13.7560062394387,5.73767729873115,0.763183112101466,13.1574995474881,4.79130861952861,-11.7051801026457,1.80535821741146,6.0313883433535,4.15419665612495,0.0406312935249683
"Ficus polyphlebia",120,-5.9665135624623,6.77981579836688,0.842191658276477,1.55411807393655,0.666340285098979,-11.4608493068702,2.21566858083688,-0.130819998300564,0.316274313790044,0.960465152806412
"Physena madagascariensis",121,-34.8879016657943,-35.4358488245826,18.8393410683346,4.63991310530029,5.5088031972438,54.3533875900503,-19.5854981487637,-6.92508619347787,6.5713390887542,-3.2292567562777
"Psorospermum androsaemifolium",122,-4.0573268896613,0.771006180403883,-0.11947538245304,-0.037212912486401,2.20002838104438,-0.422212150927128,-3.9153155925447,-0.795923423733765,-0.409399307529964,0.26330977080097
"Polysphaeria congesta",123,-21.0870501973924,9.39954721445835,1.63132841050016,10.1900076368686,-3.33442142762545,-18.2530862012494,-9.84455533621124,14.1803638158721,2.41205042139333,1.94242408491384
"Potameia velutina",124,-30.5413311332324,-7.33794331786385,5.68044793913867,10.2555309934158,23.7951135299587,9.24044416918693,-25.4836983966436,-2.64111498110287,4.21525484260657,-0.571077711964179
"Tabernaemontana retusa",125,-7.47706650369899,2.95270401537977,-0.863408017949374,2.13852091586819,3.97366171284017,-2.36260146189205,-8.09191634439184,1.48014013208777,0.465159970124804,0.717795857989148
"Ocotea macrocarpa",126,-40.7249049784384,41.6093075357277,14.3378340049195,13.3761695301058,30.8417627171796,-59.5026052504617,13.4633002811184,-22.9735795374008,5.41562682108241,-5.97384922762135
"Cryptocarya alseodaphnifolia",127,-16.6501991590599,8.60117325506225,5.72033053252763,1.10346369924209,8.54987357688688,-16.0694938102193,3.77702722686767,-6.67149873450998,1.12181691411295,3.01243358516047
"Neotina isoneura",128,-19.3857138291379,-0.0536342249020992,6.01217019193148,11.3710090018974,8.60836288806733,-7.63737650206965,-7.58255239333868,3.94643631846812,0.387557248647912,0.34466664453364
"Dombeya condensata",129,-13.7933131438714,4.56065980051011,-2.31700284180436,2.72923295335372,2.94058121808385,-8.40948375121309,-11.7284661535194,2.1256012858806,0.129792070842675,0.0536019597145659
"Dalbergia perrieri",130,-1.84971199727327,0.595076567988365,-0.606275761862135,-0.92032932060348,0.883112890996747,0.245347887517558,-0.89142967358481,-1.26737535953906,-0.303455858789827,0.390031736497809
"Ravenea glauca",131,-28.7432420746258,-6.10990688344995,21.9775314821611,32.8762765675986,12.1982306765384,-13.0550260484334,20.8004231927397,10.0377721769347,2.86545176684108,-2.65127714088168
"Mammea orthoclada",132,-31.8321373168677,16.7562832765449,12.7741309150576,12.2709859204107,5.64266287377253,-49.9811412930311,18.3401827932324,-2.51137593555069,-0.615972957186722,-1.20957838769388
"Ficus pyrifolia",133,-26.1093618424096,11.2350953124474,4.86383775622159,19.5422713442045,-0.666858789998048,-47.8907428878661,31.5292587026736,1.81286619103346,2.42193435237325,-1.65342287864826
"Ravensara ovalifolia",134,-28.1575358052075,-18.7145174495342,17.5070770488737,29.6351938522804,-1.20187670928462,9.55790467397729,13.3167130705203,13.4820151624145,4.9497764991135,-2.78102385777216
"Carallia madagascariensis",135,-38.9257070967214,-5.53512513008131,12.3055746655382,50.445440098723,24.1443409153685,-18.3615588861682,5.67721546573598,21.0045516860004,5.52058306051157,-0.568765476668599
"Rothmannia talangninia",136,-2.83833222458272,0.682381241330055,-0.426236080995083,1.36216810564613,0.488628578002721,-1.00608462343221,-1.08265777788213,1.20414580356964,0.348437617990854,-0.350398313897387
"Ravensara anisata",137,-35.4982234559975,20.5832008183884,20.7208381881562,21.5554870912767,15.1657045995209,-45.4726367531076,7.22355552127334,6.31698152606013,0.198219556610555,-2.34422078595943
"Olax glabriflora",138,-4.95610832728775,-0.537747048803935,0.741576399448299,0.665578889255972,3.33750286180783,2.39254220197513,-5.09973240124383,0.824239088103872,1.25834035333612,-0.258022112530876
"Mussaenda punctata",139,-39.0907774666776,7.80547612740313,23.2316122416356,29.3739964576072,41.3352190837275,-18.5417891408351,-17.4258157956568,11.2285380269672,1.91951016356957,2.75258372869056
"Anisophyllea fallax",140,-4.88027545314873,1.031758747773,-0.520910320368729,2.20906873251184,1.04562523034654,-1.40159939109976,-2.37643397719844,1.14527007118795,0.424500550624775,-0.2992811934681
"Prunus africana",141,-6.53928159809097,2.88217425901173,-0.806453353957314,1.05633909513307,1.87945796305265,-3.23185473909865,-5.90593463519598,0.564284575703147,0.257829150114712,-0.289745820657599
"Rheedia aphanophlebia",142,-47.2849767472985,43.4665739720701,38.2651030623123,70.6806346136321,41.9097937359505,-84.5069133951094,26.8709508891752,33.1368010530095,3.20890663204799,-3.59607563613256
"Potameia obovata",143,-26.2808362386376,10.8806018473206,-0.0292229947547506,9.19292674594672,12.1366552856654,-16.2525728204088,-21.2054666853915,3.81381589040442,2.15039824200101,1.33400556311139
"Treculia madagascariensis",144,-9.17696502589222,-3.76488823936252,0.131730855915573,-0.0209966279936152,-1.08490726518372,3.0611148044515,-2.12023278432513,-2.17264618466584,0.63492877549041,0.335902262700241
"Cassine aethiopica",145,-26.3421008273759,-4.95244553570494,1.10734112759247,12.862461099921,20.0241367524592,10.3237044036172,-31.1132786866084,9.14519102253647,2.59974664962411,5.04940322399086
"Phyllanthus seyrigii",146,-4.96733605222052,1.75529455263599,-1.29891850933948,-3.16232861311617,2.61159468149578,-0.369191448920072,-3.76868692159365,-3.98136449416196,-0.774068241207528,0.34841928657124
"Vitex beraviensis",147,-5.25548048637062,6.11591966594319,-0.908123798051245,-3.51463334463563,1.95050875566693,-2.90331575691135,-3.43526120385179,-2.69055194770042,-0.713660672397925,0.552478013946388
"Vitex chrysomallum",148,-9.02693691408295,-0.733476548251347,-4.44239010208312,-8.5589347672863,4.03150949872991,5.50105729624701,-13.9028539161099,-2.36442509044854,1.26660671494396,-1.68981546418971
"Dalbergia trichocarpa",149,-11.7504121882233,17.688773311819,0.349439337731118,1.75478916353648,1.91830049944921,-11.5493424950001,0.466046896096588,0.783990708654803,-0.307196640510376,-0.949403683615812
"Bridelia pervilleana",150,-3.02889562787589,-0.742358658065038,-1.26207049626445,-0.56845475673257,0.316185561645064,0.685562364000112,-0.91420862956922,0.0617968144452199,-0.0698792406751695,-0.0089524839730494
"Diospyros mapingo",151,-20.2207464244475,9.28146104524158,-6.37242169516151,-1.63003504231252,4.61629005690458,-3.49548655754721,-5.2763068033592,-3.25778511048737,-0.728078599144024,-0.160482475111725
"Chrysalidocarpus madagascariensis",152,-6.80072659286007,-1.16081422504549,-1.64309034098458,2.48611006709637,3.35312684486444,0.689108598922057,-2.60757639079984,0.0450103708270656,-0.178859507373177,0.375604138621051
"Strychnos madagascariensis",153,-2.31444894585629,0.00782260111017558,-0.364780672050208,-1.42459313405354,0.413671085970482,1.2721314829167,-1.24860213468891,-0.87975577483014,0.0120085488842831,0.243622525247059
"Croton louvelii",154,-43.2509086777069,20.0780628382456,-18.8278429757912,3.05818956434919,-3.17651112597912,-39.3090413633249,35.1269519881264,-18.1000706696595,3.09009110362493,1.44782230128116
"Macphersonia cauliflora",155,-5.46492141422296,0.707042496143462,-1.55410322791364,-0.423603497423516,2.20351011006382,1.01866693583824,-7.44691188786662,-0.309688833987465,-0.0304422407976687,-0.531538204473045
"Cordyla madagascariensis",156,-33.4933505349063,21.5470229251921,-10.2312373374964,-40.9614479240134,5.56538935417705,3.90930754457929,-30.4869309335908,-10.7032446173953,4.64792488906783,-0.257984056129436
"Grangeria madagascariensis",157,-17.4255664916401,5.56843705253936,-4.59376481739266,4.38227157389111,5.57156408663137,-7.41766034568203,-1.41038689187993,5.14069314698408,0.779073431445418,1.27607770739083
"Treculia perrieri",158,-42.4563758783784,38.4224703262404,-14.7914166757084,10.147526765328,-1.97885437004042,-66.6414612678348,64.5420568461062,-35.9956389973534,7.28872729440631,-6.07892750488742
"Xylopia bemarivensis",159,-5.50697641627673,2.04420266735646,-1.5361987431318,-1.43270233718905,1.38581584971482,-0.047750873107989,-5.70411540385064,2.0341408296417,1.09841070682163,-1.50796543716897
"Doratoxylon apetalum",160,-40.1317046807099,67.5165873954383,-5.76339087881889,0.394662164247565,-0.205561726458099,-55.5244695942374,21.8847036167305,-16.9806074688773,-0.709014113924429,-1.15352327424578
"Sorindeia madagascariensis",161,-17.3734546456139,4.31384907785557,-2.28711862042906,-1.65302905506635,16.1776173608806,4.15058028741915,-34.2031440460294,5.49401089010749,2.32902155062061,0.534967609647018
"Hirtella tamenaka",162,-3.32993648274061,5.95179360128771,0.235140161518324,0.307444036674404,-0.00330297991663182,-5.68004632182424,-0.460478813948545,0.174152950066556,0.362284329193739,0.0826495338374902
"Phyllarthron bernierianum",163,-3.13057294117401,2.21875410921245,-0.884476078937506,-0.40913179426911,0.604921691099054,-3.23497971661907,0.859442930729884,-1.64540099302806,-0.280593260025654,0.488234960000999
"Homalium parkeri",164,-18.8807783177086,4.90645515422681,-6.36253705890123,-3.96674323423948,10.9556276235826,2.48233875960604,-26.8303967276064,-0.249954392625615,3.73756282241514,-0.626284510861537
"Flacourtia indica",165,-30.4095975416342,20.129359640784,-6.07356043121596,-6.82159533301362,14.7921875199744,-8.44547049146984,-37.2715544060204,6.72542760746583,-2.49277688151997,3.69339828869213
"Tristellateia greveana",166,-43.9403640988577,57.1941543893226,-5.15732912976206,-9.15987006004478,7.84588128034185,-73.0422421654786,-29.038655096637,-0.803339639158917,1.20584977327617,-0.324193108848748
"Commiphora coleopsis",167,-34.2038170590778,-13.3131958075526,-8.82783915962637,-18.7619300293266,7.51226855481307,42.533758863411,-44.5215610842276,-1.69776679259645,-1.93898699747794,-6.17261081511216
"Adansonia digitata",168,-19.0910393269193,29.8572233823579,-1.33515110113983,-10.6019889023891,3.05387926288464,-11.0044497593152,-12.4078747425596,-5.17252516616795,2.01325850901604,1.88399166114954
"Delonix boiviniana",169,-22.4840664854725,32.7366179921403,-2.7864651906737,-13.843986536769,-0.815210180616812,-16.827272239187,-6.23523434673357,-3.85988440493848,-1.80775441092856,2.53184693842638
"Kosteletzkya diplocrater",170,-14.9141302318386,17.1232524284879,-2.12120175796358,-1.3691016535997,-0.879444418821981,-10.0834063865965,2.53284725715212,-0.550594500562411,-0.631184477626097,-0.680654977124685
"Grewia lavanalensis",171,-3.32859379833792,-1.41758730258015,-0.612808928781139,-0.417354940687618,0.714668533623561,1.99162232315525,-1.60059685933231,0.740020052112266,-0.371714441308128,0.122262514774625
"Cedrelopsis grevei",172,-3.5145109051345,4.19791669504412,-0.394788271578129,-1.70917755391875,1.44959534737478,-2.82774857036691,-1.68887625777229,-0.555475425593348,-0.326395949830086,-0.0578226752673003
"Poupartia silvatica",173,-2.19189163157245,3.36514036444068,-0.147563585841968,-1.05471271635746,0.516395427195265,-2.33238877572804,-0.570427106827132,-0.942733017133018,0.0195599835675761,-0.203555658946267
"Ochna ciliata",174,-35.4669482429958,-5.83800930777494,-14.8380749535992,-15.8689359561428,-8.88935729324978,2.85065099221562,6.32178313267879,-1.26905049549174,1.5328935516255,-5.66900622694611
"Cryptocarya helicina",175,-24.5951726115668,-12.1169375474068,-11.0598507219709,-15.6069550906693,-0.892459757276182,7.30528830998184,6.1518692517517,-16.2106296269322,-1.55597962523098,-8.50268282613991
"Terminalia mantaly",176,-2.66800047478571,2.49053627233234,-0.26128576090572,-0.31056166579311,-0.26701361872775,-1.52045587156674,-0.665408959205207,0.136290933658223,0.393132494793334,-0.0657758771832574
"Sonneratia alba",177,-38.9612338547665,37.4323382539398,-4.15505640875804,-17.7835297144772,-6.70205425759215,-8.73291892176432,-9.12433590577043,-2.32609187582399,4.54311252653187,2.34147688511205
"Caesalpinia insolita",178,-25.7994506483696,25.0663290920292,-4.94945362214895,-18.9397809489822,5.09667324939464,-3.40319691475587,-23.3855168229527,-6.44953173112739,-1.39193233234576,3.93358958995203
"Celtis gomphophylla",179,-31.3513100195095,43.4001885193525,-1.34085687816633,0.334569451229267,-2.75434995975863,-24.3729340020373,6.21572235030981,0.595122805403182,-1.177387470352,-0.621912567533822
"Strychnos spinosa",180,-41.190995872926,-16.6234124966049,-5.72647733310501,-17.4128782265609,-10.7255688187596,37.6446471306309,-4.89427678192943,4.27319869998001,-2.62575991723255,2.8296713893271
"Vitex waterlotii",181,-36.8675704948681,55.8937483081769,-0.230834371177378,-1.6558206882683,12.2569945497017,-29.4471740690895,-47.807584679347,18.5337856042055,2.21501281136849,-1.42423525769521
"Homalium scleroxylon",182,-7.6661848505173,3.38591767099284,-0.806441265858355,4.38090753219945,-0.321035088977054,-4.25354581777584,-5.57068116137844,6.44746550042663,1.85354639560311,-0.784567200554864
"Protium madagascariense",183,-4.908939695419,-0.314650857701036,-1.64613994154515,0.595027170480748,-0.0730622061475299,1.45500274319922,-6.24388189297272,2.19769189857444,0.358106321334116,-0.206599213290399
"Mimusops commersonii",184,-33.3989380902203,20.473971753145,4.22649086350244,14.3272390824208,0.63958039532966,-3.3126171005938,-9.3484491730114,18.4454517316706,-0.410138848731014,3.09822494077098
"Sideroxylon bojerianum",185,-38.2828103810321,20.8737253869179,-4.51487832264837,-21.2886493121034,39.5374675772858,18.0557149854646,-94.1879408249558,1.74694571714409,3.54914233148263,3.47428741601777
"Piptadenia pervillei",186,-5.49567149568627,2.02062412816607,0.17942936092752,5.58054649252319,1.38926611856639,-3.66691871200601,1.63041521997045,4.82348007770532,-0.481066082759357,0.000958825189190193
"Uapaca thouarsii",187,-4.40517765075565,5.13357514780987,-0.843321391521903,0.2278324123771,1.18270377212241,-4.61303644190946,-3.60820921806925,0.321265394955518,-0.0272724104990753,-0.326300226357059
"Boscia madagascariensis",188,-13.4191920508888,12.5530412654107,-0.281555681323259,9.4368926565851,-2.82682893555205,-13.4913001103536,7.4008301626119,9.67821162560996,0.0570436847708521,-0.935127549737444
"Mascarenhasia lisianthiflora",189,-4.21978351319778,-3.53446731710088,0.113665770813197,1.88889485801862,-0.194770832350152,4.57825872188747,-2.19743426586892,2.45397740221157,0.0876926333385282,0.832008594960703
"Cassia lactea",190,-10.3333533091175,-4.47041565770054,-3.69713634671474,2.23653115293678,1.75105501979065,4.03587907630746,-3.91213807246599,-1.35492894682662,1.66696479658447,1.0851222824958
"Landolphia mandrianambo",191,-65.2297536617257,68.778509334553,6.05140364742623,32.1987643746847,6.5030343914996,-44.5271117012995,-38.3347516739603,44.7189819563368,1.4282386212106,-5.96883162724606
"Croton argyrodaphne",192,-4.76877183858515,-1.25814657365494,-0.66183634988237,0.472120029030701,2.13771037165845,2.75141489899839,-6.02202178988088,3.60345378280712,0.0635656629795106,-0.502748484819188
"Deuteromallotus capuronii",193,-2.37087006614954,-0.583495995777615,-0.670452213707541,0.200823859020715,0.272055217799627,-0.619723916027696,1.39258252538495,-1.11000356612987,0.436759930361967,-0.0518336682840422
"Pseudopteris decipiens",194,-46.3382053249545,12.0724548166092,-17.1765724034863,22.4726977947702,-9.23348425935306,-32.0058616149452,29.3125881592499,6.67545785011314,3.79222479845619,-0.688505303134159
"Ocotea faucherei",195,-3.46007135416515,1.05365155915303,-1.43081032419529,0.218196612610005,0.66622139744941,-2.14554131087698,-2.08601904749332,-0.26552143538308,0.487927283011044,-0.381937723377918
"Strychnos myrtoides",196,-30.3946040367275,11.4637933906635,-10.6386328559113,2.19510690784069,-3.45457516000954,-10.1539313552638,-5.39514163596115,6.7365494174331,-0.267677797032616,-2.96668746897525
"Ficus assimilis",197,-35.9782264210597,-2.52707978334432,-10.6679578817869,28.3234304208477,-14.8288626969663,-21.4131126384572,33.3120068570935,26.9053533693435,-0.116993002112101,-1.93919077163178
"Intsia bijuga",198,-6.6198778855509,-0.334316342605361,-2.48840686186908,-2.74592566528528,1.38703411257318,4.00495932754867,-10.4440737574914,1.15062360908358,0.825767640803744,-0.446899340992042
"Deuteromallotus acuminatus",199,-4.39337372117145,6.59215921656747,0.0698611838488577,1.25120953501485,0.76852685017606,-6.79143277913634,0.994248501631828,0.0793023996404149,0.536102421930061,-0.727995599071292
"Brachylaena microphylla",200,-29.1081204578769,52.2940678620203,-0.212970348608068,13.9237461286047,-0.267424931185475,-49.2719502701833,16.8965726361586,8.91247575899241,0.393612357802636,2.72909943039351
"Adina microcephala",201,-5.17931694275992,5.59787797968897,-0.429298475787083,-2.95253899447157,2.65347148182141,-0.50371807116955,-8.83309369531191,0.163651965531525,-0.1805665405872,0.398015737258715
"Erythroxylum platycladum",202,-8.84309149844959,4.47114495403326,-1.73156373851679,1.90316468444071,0.117406629631001,-3.53746507220954,0.318941184109432,3.60016924219111,-0.542958119777684,-0.128965259663438
"Trilepisium danguyanum",203,-3.21985521743755,-1.73164945503252,-0.402840624821131,0.331729094891918,0.854597284503248,2.27511158591248,-1.77111585880804,0.562688497831246,0.145230584754468,0.43513350299282
"Albizia boivini",204,-13.3448565389988,-1.35491767394268,-2.0620905437412,2.18573027508064,4.14958728027224,4.25991261199612,-10.7868936876109,2.52609765284818,3.4933680328748,2.2072417006496
"Burasaia madagascariensis",205,-26.9927643055037,0.133306701879346,1.97082962416263,16.5871762109246,18.8876666239749,0.100829817689416,-30.6260255975518,28.1045645288807,4.16300271650056,3.47933363330882
"Ravensara perrieri",206,-24.078981841187,-3.08177427528632,-2.88937312835432,10.4570077144354,11.967078688349,1.25352608892572,-11.8693185344761,4.65635091560318,5.17238219216632,3.35775445549146
"Eugenia danguyana",207,-7.43727705722177,0.771434376520286,1.20537108848685,1.4372894769238,7.60521858347509,3.7297753627715,-15.2083843651047,6.09290076643436,1.06891849075964,1.10117675842569
"Crinum firmifolium",208,-44.8687654293001,34.0253850144656,-13.5621973601509,-3.93118910287464,-8.04712031597978,-27.2376443013544,-15.9693636888972,21.9615920010336,-0.272944545291575,1.50519521726009
"Zanthoxylum thouvenotii",209,-2.23652157118839,-0.888347480424831,-0.553907832462555,-1.32023962385748,0.404628007233567,1.78021564728494,-1.37399277982387,-1.1235174623484,-0.108144333818419,0.189767774726873
"Tabernaemontana debrayi",210,-29.6141289398162,-4.47080243064477,-5.35603751095581,-13.9939772016592,17.6496776202239,25.9466574743304,-60.96382286728,17.7884513393956,-2.68660044434633,-4.55242977457111
"Grewia triflora",211,-22.0076760544043,-2.68149110859238,-5.20195043130418,-10.6914616268328,11.4064062301127,16.1892452590837,-31.7030272480559,4.39607036589574,-0.977904753129167,-3.78768620963757
"Hyacinthus cryptopodus",212,-48.5478700068346,53.3231655076,-2.93505825865769,-11.991550801891,20.9302935537189,-21.2205301557354,-44.855792009396,17.6085708309161,-3.72888007045079,0.163397333703882
"Ampalis madagascariensis",213,-21.706265534183,-4.74874439738819,-5.69375054491343,-4.58618260700328,0.870064479668422,3.98715593971422,-16.8391328298019,0.766370939271312,5.87537528829048,0.102613497589146
"Annona chrysophylla",214,-18.648616991522,20.9580734232713,-0.461657578703118,-0.892085516792221,-2.41479402854032,-34.2369972710504,3.82782816809207,0.897557968382242,-0.168529783498642,2.3329732694341
"Ouratea obtusifolia",215,-40.4330021324589,28.2428629841399,-10.4568245245566,-17.3802776573675,3.02525744545845,-25.9640120715439,-33.6706713749743,-6.77675681465207,-4.95357556371915,-3.76265594818445
"Ficus trichopoda",216,-36.631165012775,19.7075101281744,-9.50726350311595,3.2813281971958,-3.85940899398486,-27.07273750751,-18.4863084646755,13.5293136256223,-1.99187667228246,-3.07769345476526
"Homalium axillare",217,-6.63755611747032,0.369121817498405,-1.74020527112912,-0.761949719954815,0.0644820673480024,-0.448331204206625,-6.44489516898128,0.55200773869723,0.319508040303602,-0.997098542224266
"Memecylon danguyanum",218,-57.2438305833392,34.1460611543292,-23.2505374783074,-51.6243662200514,-9.41067420164663,-24.1883906127001,-48.5923994126005,-0.20488951957038,0.979575570072528,-6.0890332813395
"Cleistanthus boivinianus",219,-3.92380919835726,-0.299297254310649,-1.03909163654671,-0.230927685940437,-0.750119419462682,1.04059673201897,-0.331389834889094,-1.24766258731666,0.553148052031422,-0.703993451969561
"Evonymopsis longipes",220,-18.7309865263544,4.3538452955796,-2.83118297396666,-22.0660326623554,19.1957187261503,24.3616131317793,-61.5817106730011,1.3720509877576,1.61451432250919,2.05652059267934
"Ficus baroni",221,-21.0953789452738,-4.6031160116445,0.261533703142737,2.90262616846712,9.09041350358984,11.1312919829296,-35.2268938739964,16.374778032499,1.98950588365697,3.47302189547639
"Ochna madagascariensis",222,-2.48189463153264,3.42852332361046,-0.582153040355977,-0.080483518508608,0.102660516213863,-4.67369194617143,0.921031926513851,-0.425439056827642,0.410601147822753,-0.405843293633775
"Sapium melanostictum",223,-2.94495411721167,2.0947344744677,-0.430413330219217,0.461103909621241,0.316559104016222,-2.50157950064181,0.308062417937812,-0.755260938335871,0.216320049431383,0.0654437375718714
"Eugenia hompa",224,-41.2033230905251,69.3303489282564,-2.45564795392167,-13.0499775785369,-7.69905952280323,-89.9558882123059,-4.27888400656677,2.54244643345976,2.51489125524176,1.74548851119998
"Tetrapterocarpon geayi",225,-4.84005626245718,1.53040975618599,0.228249047126449,0.453832074785792,1.10966912797337,-0.154730605112981,-1.13904298213964,2.02426036078777,-0.0428516091647677,0.515451921521219
"Stereospermum euphorioides",226,-26.0768730843268,36.7798682025111,0.999631601632637,-4.1502220311752,0.993995683308735,-12.9575247072603,-0.918043435979885,-8.75750932048632,-0.0974770718479471,0.159072912130166
"Ehretia corymbosa",227,-3.48343788327224,0.673549298061248,-0.238472324599401,-0.275328666388894,1.36466450347707,-0.378745715336629,-0.0541778884469779,-1.81936520113145,0.0179708122455446,0.0381430981749882
"Rhopalocarpus lucidus",228,-24.4679198426193,-6.48102467679438,-2.92152274779256,-15.1484264516848,-0.842655339907553,16.0556940135626,-2.87138492490655,-9.58088001505998,-5.69823185253361,-2.88331351605089
"Baudouinia fluggeiformis",229,-23.4819298634838,34.7987186473377,1.50097865846217,-4.83137498863696,-1.33662695179184,-12.1735241168426,0.169701731989861,-7.40539111447858,-0.534992773885884,-0.0908208209897322
"Ficus cocculifolia",230,-52.0808945722826,-41.6864365285316,5.7476183242844,52.4555215551669,-3.94194463963434,6.47915996616686,71.3207208754901,-2.36845756157203,1.23606062064358,-3.60064291302584
"Bismarckia nobilis",231,-33.1496855074963,-16.8408379367562,10.7670512320028,47.7911090879914,6.82288767416468,-0.20955739703952,23.4644017152405,24.6172920119017,5.10934807512842,3.5271518899187
"Ficus soroceoides",232,-14.7531476183255,-10.7111189370636,3.62681629586844,-1.33351327232499,13.0424904188878,27.2180058827257,-34.9292591008335,5.78370886621054,3.05201763975374,-0.245368222217817
"Chaetachme madagascariensis",233,-32.0308681538794,1.43607150505546,4.59153549991404,42.7707493751191,18.1592594056288,-22.9734572807403,15.8266954378242,15.0493469994385,6.48342599950291,0.869452805729486
"Grewia cyclea",234,-7.06707410573849,-3.97272527094505,-2.24714923392907,-1.78449833056674,1.15098468611767,3.20636374661666,-0.0337312749487717,-0.474696203211006,-0.464817430135543,-0.321906475759259
"Phyllanthus casticum",235,-9.43927219695739,10.212735256895,-0.283874591172303,4.21402337557156,1.79473703158234,-10.9292007212839,4.77610302538366,0.638484544648673,-0.20571387549404,-0.590808285792272
"Albizia bernieri",236,-6.85916994847079,4.32994494200822,0.216205841542169,-0.0503857809729051,0.288130198441274,-1.63923605765837,-0.886063506434394,1.93209190513587,0.245879365480868,-0.570911312751686
"Tamarindus indica",237,-5.38139302944471,-6.59990067777835,1.01554651947856,-1.38982649544613,-0.582313750383919,8.2916436131409,1.1766938181798,-2.35043405400726,-1.03308219764214,0.0603158927974087
"Rheedia madagascariensis",238,-40.0837587941295,-15.0775616576472,-4.35254018943457,20.665418353304,9.38469005210402,-3.47381494109075,25.8890069127861,-0.0922652788058987,-2.6115112168318,-0.996650611955869
"Benthamia madagascariensis",239,-33.1407791630822,-45.1462659990921,18.7640739569387,14.9550265785229,7.33284488318969,58.6461672126761,-14.7243634013978,11.3328646393054,-0.540290524963286,3.88814521468203
"Vernonia grandis",240,-44.6708819639956,43.231851333343,-8.8368346295819,-6.57248569445195,2.85767233233552,-55.7447503636082,58.1488504737002,-50.6855504130001,2.32206923206765,4.00997701477811
"Dalbergia purpurescens",241,-17.6712059938572,6.86701104006934,1.65236361238612,8.10223577498614,6.14217638281799,-8.56639631769267,2.85621923353501,9.98258903137774,2.92769140582546,1.34283034970102
"Commiphora arafy",242,-3.46662873495084,1.80969513013016,-0.136243747384078,-3.35175526577517,-0.00909136397299572,1.23967557347667,-2.4114034985588,-1.05424183825825,0.341748638535696,-0.338361126204407
"Zanthoxylum decaryi",243,-4.13234306057669,5.54579633690103,0.419605719781064,-0.398112303963105,0.450696918526009,-3.46156465906966,0.22443725263571,-1.10147396819223,0.16144566031284,-0.209962666424604
"Grewia brideliaefolia",244,-31.7920260366691,22.2435265914252,12.4290428460207,43.8588868295784,14.8518513178049,-43.6271287767698,25.3868056908309,27.7397701676929,-0.745835005267727,-0.399093032751096
"Millettia pervilleana",245,-24.2668857240683,31.6734039541842,2.04695104787173,-4.36808092845795,13.2053508257804,-8.18646733599366,-24.4338811877928,-0.60214951273468,-1.11837925620511,0.454238624476858
"Henonia scoparia",246,-26.1183260734989,21.8345119003025,5.8917277259432,11.4147167234512,4.60933838100465,-25.2371726939477,28.3528988699315,-14.3976321696748,2.09670592027114,-1.25652624964606
"Voacanga thouarsii",247,-22.341594143208,2.77751382140824,0.317362466479579,-6.40535315284811,11.9306303914274,8.09665581730684,-18.885467594676,-11.3205102353732,6.26910827737004,-3.70697831815712
"Neoapaloxylon madagascariense",248,-37.550862015856,22.9821489009133,11.6373322231017,16.0609007396269,9.30217597910846,-37.3873886466575,54.6742891472711,-28.8947182175067,3.64544209444819,4.01252988782898
"Poupartia caffra",249,-51.232402554282,24.9753685824657,4.2383492292356,36.8048667969531,6.6833649319148,-76.1100043864449,103.156944202648,-19.0298048011042,-3.67274450337212,9.32920241568411
"Phyllanthus rhomboidalis",250,-26.6838493304005,-15.6069238513682,-8.22775224415789,-0.0299340024863718,-7.22338397958722,9.20477431198222,2.17101829146048,12.939009895446,-3.03472220984382,2.77226115260381
"Ficus megapoda",251,-14.3471849521197,2.84239161445843,-3.66864788606045,-5.80699211093074,5.41118423413015,-3.48168189038189,-12.9909770547851,-4.8989227839214,2.27841079493789,-0.327314329659948
"Caesalpinia bonduc",252,-12.6764381654282,16.5093333633623,2.41576843037757,11.7741399551314,5.70657749780324,-21.1207127694762,-0.71124474824979,9.14906752906749,3.90226633094016,1.06391537725555
"Micronychia danguyana",253,-43.0457961306786,101.013346429347,9.95537263917911,36.9727055069647,9.42479032072908,-115.676631574455,9.94305053841505,28.2474306346241,3.91435207810354,2.45108842328139
"Perriera madagascariensis",254,-4.4877579948808,1.44142830504727,0.3182469470185,1.66909113356551,1.24205746300366,-6.35694434102806,5.44549479392701,-0.937528848269052,0.800722509605459,0.245090200482013
"Asparagus simulans",255,-10.3678416571264,0.526492111096168,-3.69509296692813,0.571467453582339,3.08057572235437,-2.67955534406284,-2.11501215428185,-5.69469397042115,-0.136782571760353,0.129985464290048
"Hernandia voyroni",256,-39.9128145147616,8.76511029467443,-1.16867834316493,-23.7421688695278,30.8947904268341,39.7297378914892,-86.6809064896307,-2.31349145905704,-5.9146341312405,2.22528104570198
"Halleria tetragona",257,-61.8997269649609,69.4057968342953,18.6690702853468,42.5186740455152,66.665983998739,-72.1220023092036,-48.1618318534888,21.9457934063203,3.57262747141496,-0.718818668531931
"Eugenia gossypium",258,-40.1197072460208,20.7843672051373,-2.60380224611908,-1.73197219762794,38.4870314855649,-17.3901570729487,-35.3287826893232,-14.063545156673,1.8497299860033,0.30614553839036
"Calantica jalberti",259,-5.41241609898155,-0.122483362548311,-1.42941045448802,1.38912182259669,1.93384826170723,-1.97580050348987,-0.563339971718013,-1.0740975054346,0.443723641833908,-0.907195264581293
"Xylopia flexuosa",260,-4.17827511658998,0.0924888193488344,-0.0904766985007735,-1.63501855295149,2.6615551851369,3.00061645611668,-7.51272984858854,-0.597030263002125,-0.395485008785258,0.0785270482880417
"Cadia ellisiana",261,-39.6291619286778,26.5188731061791,-1.0873572800614,3.193828866282,9.67570359134293,-43.7919120396782,-24.5976595502329,23.3472612399884,0.257420567921681,-3.15733239198611
"Hibiscus macrogonus",262,-20.0515249242022,14.0451589576546,-0.238238834443851,-1.20026620726316,5.41037674950134,-23.4685501217048,-13.9780082477997,-0.901017799051438,-0.537581175515581,0.279146157559511
"Leea guineensis",263,-46.8429184500259,27.402897806198,27.5431053015007,60.2091311107341,28.0035386206642,-80.3377641092804,39.8109752393065,36.9676481034667,-1.90321641199802,2.97828521053023
"Sideroxylon beguei",264,-31.7249234731195,3.01604473524513,0.672112753816673,17.6897561214009,22.8578261117688,-2.39418449763551,-34.5424939278559,8.82331859535169,-0.580833137986493,2.18207387523665
"Nesogordonia bernieri",265,-28.8953902035427,3.30724603140961,-5.02653957670258,12.2254024975821,10.7701664953266,-11.5005073118926,-13.0778819757672,-2.65865198497051,2.61158944933857,-2.12624288631409
"Tarenna resinosa",266,-14.8627748550388,-7.62367312515834,-1.28029551142066,-6.63075427200741,12.1640886152261,18.7943285639697,-30.7713371725694,1.49734952039138,2.61579604651857,1.18813578880049
"Louvelia albicans",267,-26.0630555410691,-14.3917197453889,-0.811732596616475,4.05768989711065,7.22577676310207,6.02142760523324,2.38615302370157,4.1539816699486,-2.21922841584576,2.25547231579892
"Trema orientalis",268,-18.0583990602911,-6.51955147174414,-2.94339418674659,-7.16811021466922,15.3698820029076,16.2775141020558,-31.9586811184996,3.71025787085554,3.75225111742176,0.104953192127547
"Capurodendron rubrocostatum",269,-12.1687241240395,19.9361090179608,3.19675181827091,6.3708293530985,7.48145063289648,-19.8829331899392,-1.70545531885314,1.76441782130359,3.98476790624441,-2.60549260899407
"Phylloxylon ensifolium",270,-32.6799200244832,-4.77549239766767,11.7157951446114,44.7830821630016,16.2552348683257,-25.6012214079514,23.6871313117176,23.2315231637723,3.05982679894491,-5.34877414040289
"Dombeya tremula",271,-36.4715222514751,-8.44216219625926,-8.07609052389464,12.7118073099474,-1.53169228745533,-16.3253906827965,20.2936967532124,19.5611475965554,5.24700661210556,-3.26931104225625
"Strychnos decussata",272,-10.8031565924164,-11.123748278162,1.62468229334328,-4.90531336469009,6.30042526466584,16.1612437587506,-11.9644494169036,-0.513460343743928,1.19211239853919,1.9251613682589
"Homalium sanguineum",273,-28.9598017145615,-0.36525528065609,11.1303663997463,47.5688898842738,5.00095432861078,-30.1624465722539,21.6596403217589,33.514603962523,4.11538897545622,2.47146581886837
"Grewia sely",274,-29.972438547583,0.819759466575705,0.119571806024916,15.7216912015764,-1.13364020520265,-25.8344978711509,13.3521867772797,10.7815212704277,-0.888780070526549,-3.12997904974662
"Stephanostegia brevis",275,-32.650388341957,11.9567284718823,7.38695187890693,40.0814767801312,-0.29167547023649,-47.781427375165,29.2149549888358,23.5992820698946,5.25176271714067,-4.71208232777351
"Coffea madagascariensis",276,-24.3785952728662,7.28390089639464,2.37024057303434,6.6160330790756,3.34422177709696,-26.1054691129265,11.710296712149,5.81725372234555,-2.75053241693085,-3.88538721352037
"Mammea madagascariensis",277,-13.905342141683,15.8029534262765,1.24775593045532,2.70331617632951,-1.1838724307795,-26.936939654099,10.7235513724514,-2.92313313688366,1.03857932907227,-3.81071205501378
"Dicoryphe viticoides",278,-22.9482225328098,0.735696468124073,0.518827466688737,3.60537407025109,1.74693446770652,-2.03859156018286,-12.3052129212541,4.11066208999979,1.85612102926623,-4.88808962502056
"Polyscias repanda",279,-28.581576929137,2.2031782744773,1.4274474734725,24.2403637775741,-9.17892594757412,-26.578806595395,8.5239607351353,31.1005615612694,2.79450597174338,-0.0857692349750393
"Commiphora pterocarpa",280,-28.0387701310797,-7.22421962031808,3.83745432524543,-24.9485461741971,16.3500853728633,41.6414336389817,-51.6908896144752,-10.5541289534976,-2.52307777259579,1.61336168436359
"Dombeya floribunda",281,-54.769456243606,12.6106256990137,2.80786303397012,-34.0679848784391,35.2628569920356,49.241494190024,-85.3151555665729,-26.7236134151854,-4.90586428142287,0.831033672876568
"Chlorophora greveana",282,-34.6229744275256,26.2125147812278,-4.99911753436124,-35.8753874083857,30.2644938148951,19.7675344991241,-83.1896509741098,-9.71274688691783,-0.682933763845309,3.69326917515586
"Breonia perrieri",283,-42.434643006535,-22.5579235827846,3.00943148279472,-43.1910805794215,39.7080268899703,82.1993757067715,-112.650080704072,-19.8089569816529,-4.25875299660006,-2.26238451127301
"Securinega antsingyensis",284,-16.3831876168045,13.8119959569878,-0.315456966158423,-7.33129746376704,4.24635222661114,-1.13752407947211,-10.5382372542302,-0.971138522287762,0.508769947776123,2.00801064309718
"Baudouinia rouxevillei",285,-37.7143954726562,-7.03880726209033,3.1672375988415,-4.57512244077263,7.87045276166598,28.5034232266181,-25.4204060903945,14.7921492546277,-4.0149421493848,3.38564608008417
"Manilkara sahafarensis",286,-31.3611381244531,21.1089705167849,4.6576264344545,-9.42864493398576,12.4301879902814,8.0758651975548,-30.442019395055,-1.72739784534572,-0.297884255468235,3.04280911283011
"Adansonia fony",287,-28.4612632615628,9.72228737133181,0.220162509398498,-10.2193611500729,1.72405371588792,1.54503052484821,-0.186249503955444,-1.22142152354995,0.504986865724156,-1.53807433719298
"Delonix adansonioides",288,-10.7350765924832,13.7307046525606,-0.692992547122841,-6.56545567157712,0.231435795382812,-7.68162129888402,-0.826967915014621,-2.78823151944088,0.392164966940006,0.927419014335429
"Diospyros haplostylis",289,-34.0103261216629,15.9315404507658,-0.47441530900818,-16.5823408805815,9.77706882642791,15.9445187319309,-33.6155206790421,-6.92629192518638,-2.95635483558028,6.29927500961673
"Albizia fastigiata",290,-50.4716841195997,-32.1289572791557,2.66438540315023,-21.2101245317393,1.2806940586277,68.6970645543333,-35.3307547835509,6.31903836976861,2.30468669476304,3.85385266692535
"Stereospermum variabile",291,-33.7540836721666,6.32914081210625,-4.06074382912787,-23.4828835566809,4.63157502157105,4.93527859032019,-7.37247648868154,-4.62557459194356,1.33909279716362,1.83726726303099
"Commiphora guillaumini",292,-60.8345063117024,4.3265379752207,39.5345930574719,28.5990676860869,44.0812046680832,36.3284757430206,-72.6409623257349,40.2521083779925,1.19922219512404,-1.3482561419823
"Stereospermum arcuatum",293,-47.0412507455336,-37.2389234612484,17.3710953311239,-37.2204087722965,8.74718819373332,91.2029300948442,-61.3677302306355,-17.8189615260292,-4.91089021849213,-1.09180249861279
"Terminalia calcicola",294,-33.3182238572358,-6.04907639396625,10.2849326579325,-15.1575064567859,18.0360240040051,39.7011596214964,-45.7660193326729,-8.41277421777599,2.82995838969448,-2.18495445248077
"Albizia greveana",295,-35.9656096974663,-0.726462968402997,18.1583211072966,3.53096420640345,13.6271507114065,12.1287513809058,-7.15028394219171,-3.27662130784903,6.10795056292054,-1.61225367606535
"Givotia madagascariensis",296,-19.4835258691118,-5.18676850926149,-0.764467392051999,-9.52347150575646,3.27649177292858,-0.896462202051897,11.6920165090988,-9.27783588121268,-0.921853760802329,-0.83841933281253
"Rinorea greveana",297,-35.4578139134889,-28.4194703911217,12.9095208867914,-1.94323726109439,10.5093662483872,16.0188830087794,18.257066611602,-12.1493418433657,0.506964781785612,-2.51860623195655
"Homalium microphyllum",298,-28.6555948039489,-10.3301635986899,15.2080649436136,-3.63908095632021,13.0933026707293,27.7693760152351,-18.229673334809,-14.0705579753576,-6.1403537648518,-0.199558420091561
"Rauvolfia media",299,-38.1273460865035,47.2164619033276,18.5477383110468,3.84786744430109,10.5765108698904,-61.6347787226767,45.1803100292351,-32.5489141344139,1.19186229721946,-3.00005642197584
"Lovanafia capuroniana",300,-49.1584680065344,25.3571747482399,12.1704025354172,-38.4717353166525,5.84793405193843,7.8558062916113,9.62118115472179,-67.1065134945938,3.31115690321246,0.182558951729016
"Colvillea racemosa",301,-34.826573317358,19.7435609928295,-0.033192856366511,-16.3140911059385,11.064472407643,-49.7752412936962,42.7331876482479,-33.3115877192009,0.401535192573995,-3.1927139711764
"Mimosa delicatula",302,-54.9669269784421,29.0759013270503,26.6805964614061,60.3346804696379,30.9630139417509,-68.222322943324,50.5470839182537,28.7767881762692,-3.02658939750702,3.63685423336527
"Salvadora angustifolia",303,-45.9358775101816,11.8350041547861,3.5542933362879,-7.38761928105219,17.8564030426634,-9.6374783832578,-0.0349416098846792,-6.50451565046659,-2.94672251377776,0.936059404655694
"Zanha suaveolens",304,-36.3681833314702,-0.825051542811783,-3.89612643628038,-45.565500061669,-0.198462242729303,24.7427911827422,-26.7764331228166,-11.143642295185,-0.845966226927163,1.34585208643367
"Adansonia grandidieri",305,-55.0152096550135,-0.202553706395357,3.73218396658223,-23.3507242724637,22.3715949990813,-33.0423641887527,22.3173263220818,-11.8272154866884,4.40552482962312,4.74233315430375
"Euphorbia antso",306,-37.2782942331319,32.810957511894,12.1614633980068,-4.68254429004946,6.57082385022662,-44.6773724342785,1.96769806651426,1.81924964685978,-7.97643147882115,-0.180693454980153
"Entada gigas",307,-43.155241217291,1.98510079651272,2.30724552762358,-16.3070086780083,15.3903946364847,-4.06553740301182,-15.1767964883981,6.91932480920557,-3.19683346745582,-2.00959279559456
"Commiphora marchandii",308,-35.7014241371889,62.0394958385383,-1.6321466234158,-23.4596023860445,1.25390209422228,-38.5179652452447,-9.29943214166794,-8.07384001854991,0.933566790110821,-0.864499499807241
"Hymenodictyon occidentale",309,-21.8323709947527,16.6683645112331,-2.78044108562328,-20.1844162066,0.335249472833053,-3.7098991212293,-13.3058022871853,-1.88477787362216,-0.0370954343333058,-0.228437180196345
"Albizia perrieri",310,-54.0065352384433,20.9485517929895,17.3220277148981,-48.9147285666434,29.5246104209864,50.1936721131307,-110.527047048858,-16.7003620628652,6.5101981882694,-6.04250714682285
"Neobeguea mahafaliensis",311,-9.67442578501129,2.12339264913973,-1.90080811410191,-14.3694762298196,-0.979279637077279,1.2485884523424,1.03110279106212,-12.9397585069941,2.38818881210962,0.334866465721589
"Crateva greveana",312,-42.9123803426975,57.2002452525276,0.202863079710619,-3.47399800954665,13.6240510984034,-94.9617098206199,47.1627345152136,-19.1036515635364,3.19490213042218,4.66397727805363
"Urena lobata",313,-8.59547000058714,12.8191732493686,4.1783928629366,-1.36468790834522,1.04366503210847,-18.5361210083235,5.69278017749154,-4.75554822560259,-0.939381039693068,0.889575799318815
"Gyrocarpus americanus",314,-5.95775962399837,4.66241673530299,0.0116609005859611,-3.3218214040953,-0.480150634218905,0.185251834685309,-2.82427836875708,-0.713831887298199,0.0709124296795909,-0.282292143158075
"Adansonia za",315,-26.1972682362908,28.1127741200628,-1.69811571650158,-17.7994392593228,-1.50176576797947,-11.6414186269477,-9.58993449912849,-2.24245388651635,-0.590584478307346,-0.529712985992941
"Capurodendron androyense",316,-3.63577401420906,0.828991589941109,-0.22762932759004,-2.56833569612948,-0.059474264797403,-0.421236329822762,0.0741311092779597,-2.03871581463159,-0.483134523156688,0.282025281792422
"Avicennia marina",317,-42.7797948013287,54.603894674671,-1.07720934898982,-28.1636750308654,5.74541338374107,-73.5742994606846,39.7517896208824,-42.5058534325707,0.198212720392738,-0.169668777047264
"Tarenna madagascariensis",318,-31.0266807977383,27.1834327039954,2.76458536730171,-1.58697354701064,8.25827672236725,-56.0158131327933,44.8418989994167,-23.706527577182,-2.61790808195054,0.735199971455116
"Acridocarpus excelsus",319,-46.3458835690316,29.6239544772231,-8.30363543017089,-38.0715362594512,10.4550716984878,-49.2632231887049,14.9054215590452,-25.6168137987973,-3.26273332511694,-0.068267253317871
"Sesamum indicum",320,-20.7869418562331,14.9762333819821,3.29912344831875,5.16608055531002,6.71750290009804,-22.9513638001533,-2.41606300798072,11.8984885276809,0.108605135499511,2.08895244920949
"Capurodendron mandrarense",321,-36.9249004866807,114.23299868748,13.1362520919455,19.0646701467373,10.2313483530969,-122.369505413984,-3.39114865676704,16.481625794148,3.00816727216905,1.46312442250863
"Hyphaene shatan",322,-46.1431897879198,36.7738602398119,-0.870476069224522,3.67010633704398,17.7188933475193,-34.8700357969146,-24.2781945545885,31.5648040913904,0.426329775455243,-3.06876474792878
"Comoranthus madagascariensis",323,-31.110970063741,20.4964681483206,-5.0086586937956,-13.889627935798,8.91685663150612,-5.33297644686041,-24.0617955765675,3.75190624059974,4.01634788895465,-6.25385007399395
"Operculicarya decaryi",324,-17.0529442425164,-1.8245472725533,3.29669211040116,-10.9235643562362,-1.33920562407278,3.17668143221462,-6.12017830229602,1.03388246505562,0.0191652179534104,0.0253594047033827
"Calliandra alternans",325,-4.71611081671451,2.98552866438143,2.34666690485332,0.00139964030368016,1.50800866428035,-3.98552756404586,0.0159115418829386,-1.08603244586399,-0.633507363133634,-0.238710111360546
"Erythrophysa aesculina",326,-22.6849865004971,38.1734667579532,2.80555252732181,5.72273402683157,1.41140040921319,-64.5875086173281,41.6274373656353,-16.9077085027885,3.65682623326286,-2.91233037906314
"Poupartia minor",327,-22.1546114408157,28.9435776834538,-4.97925323876608,-16.1991326228565,3.57857534792698,-43.6682591792008,38.2048029575554,-39.2657914790371,4.93549923258239,-2.59727673579694
"Berchemia discolor",328,-37.8647037910106,46.8030297170568,-5.59363336407324,-45.5813871636605,26.955782904939,-9.77583000117193,-60.7562529551067,-27.4921281953208,-0.685826381252129,4.74394111767081
"Bussea perrieri",329,-30.039368960181,46.1380615725014,2.34321316731098,-22.2264382887458,-1.8202924234005,-39.5462000784761,2.5699458542682,-19.7180962243525,-1.11567259656488,-4.0369411123363
"Diospyros lanceolata",330,-38.0422926051247,9.3786341925414,0.354026935555967,-43.8268807055452,4.88740759505143,8.80059805024036,-27.5578903753796,-16.1551207813249,2.13657444321854,-1.89522357462326
"Ehretia lambotaha",331,-33.8543448656394,30.7851255780508,2.92593960377024,-32.6254934547379,21.0923961383608,-25.1088538752291,-17.6723784433229,-36.1320579315882,3.65795060416828,2.48589671289523
"Acacia morondavensis",332,-29.5430148006591,3.35982713565635,16.9596045352876,7.72978718687467,17.765004403177,10.7416798023845,-32.9520881698673,18.2116621142968,2.22359206717791,-1.91743545518338
"Piptadenia chrysostachys",333,-47.6512534667988,11.1524296269903,32.3847703092475,0.823115597300036,28.4321631214706,4.13922016499218,-46.1343783763193,9.5660480001903,2.48944680238856,4.15262354306365
"Thilachium seyrigii",334,-55.7508034687047,113.709901316255,-7.77852190673804,-3.32152080487968,-9.28508855279989,-147.404937219208,77.34000314337,-38.3672493214388,-6.05643309768559,-1.86270261100678
"Brexiella ilicifolia",335,-31.5300037224888,11.3850878799825,14.4736932794028,34.0370970338731,13.3969814250578,-30.8332786152309,24.9179483744624,21.5142390213707,2.54972993423487,-1.10134833231876
"Heritiera littoralis",336,-57.5835579979406,31.1944776782771,34.0234991948357,15.8849874080247,21.0852337556249,-24.1355704522126,1.09107010498056,2.663072697038,1.86992108927445,5.56816276426812
"Operculicarya drayi",337,-44.1572480532169,29.0806201375206,22.5775410347325,32.6470471006867,21.8201327546543,-53.5139805689765,36.6644929791287,7.24761065862013,3.55454180185737,4.39702793227454
"Uncarina stellulifera",338,-35.8745879447528,24.0125139164453,-9.35399313308,-25.0349416756762,-5.9197504232299,-38.3147110184382,45.1029149539956,-43.130710679212,0.0665254581682241,0.700957586067462
"Bembicia axillaris",339,-34.2721592419869,53.7060210832676,-0.959891350928314,-7.33454063045539,-7.09148390572023,-67.7801576873087,58.1879258284755,-42.9075402612553,-1.62293625977813,-0.960141166491388
"Commiphora simplicifolia",340,-63.6431518925297,51.348338812449,3.57037009704197,-6.49530972584103,5.04783856044546,-128.647091801725,150.945803795401,-96.3917276901524,-3.5056171777449,0.311734347479627
"Christiana africana",341,-39.8990870488929,2.90041036142035,0.394471723052563,-20.0558045440696,-3.82537153448829,-17.4067935269566,47.2733226274714,-42.1539441299601,-2.38283342637059,-0.518852811818609
"Cerbera venenifera",342,-32.1453150453411,32.9821071738904,-4.45573263530322,-22.3855338522836,-2.42410527990011,-45.5864132823937,21.8899261310928,-25.400166141423,3.93681591841011,5.45431048860654
"Alluaudia dumosa",343,-22.4141203360605,24.558325188353,7.4800610749752,0.497452945828678,-0.472866675531419,-29.2193199466345,7.53638832344867,2.05927778344356,0.180069749394204,-0.78140380754588
"Alluaudia procera",344,-21.084070610402,-12.710601089232,-2.41019634086292,0.599760017546997,-3.0089236915311,14.0154975219182,-1.78405512728531,16.821895242236,-0.749220183902271,-0.834039301964827
"Grevea madagascariensis",345,-48.2924656917207,20.4817544601196,-6.8539145252554,-3.17306469869756,-20.1862879926671,-37.2631590614268,61.2936221792534,-29.3076076814002,1.96411312216147,-7.38792371257094
"Commiphora brevicalyx",346,-24.5567430297242,21.6874978577238,6.55694264489254,19.4206387934599,-0.696916435229565,-28.5202191548865,1.26256211611218,25.3745945341965,-4.73922188580634,-4.9469098327029
"Alluaudia humberti",347,-38.6390259094778,41.1115661041948,-5.61452316463653,4.37268648115771,-9.86764748031779,-73.688661787254,68.1591395673611,-27.7391932040728,-2.96199961427962,-3.67940151813161
"Jatropha mahafalensis",348,-36.9122850987632,71.4578396804495,9.47050518311053,34.8768691015327,9.30496058196063,-94.836634628248,42.0951706473518,8.98161904603308,8.63998819273927,7.68068372218913
"Aeschynomene sensitiva",349,-32.9232381674879,14.9459707676439,9.33065648709951,33.5637163217172,-1.36342169311531,-51.2270787333847,41.546380528737,19.9891287693247,2.6195877830833,2.74212735160146
"Helmiopsis hily",350,-29.6939436673462,33.26491039559,14.6502916626781,2.33366950495309,-1.94934386030652,-52.6757659608287,9.96924434004605,0.351748792652926,-3.38885522074671,-4.18578842043294
"Terminalia monoceros",351,-31.123851793358,59.3599343917254,10.0325562409042,14.8580468765146,-2.84455945180452,-60.4998093171314,7.676703779803,13.5541927604172,2.21101771117845,0.132172624119041
"Alluaudia ascendens",352,-31.941214601681,-7.18317474229779,7.53630824405959,19.3284058094747,-3.85263931756452,8.21687140097046,-17.9800590995177,38.6520151979308,4.05032037797687,-0.952751028197203
"Hildegardia erythrosiphon",353,-24.804681055319,12.8901903960799,6.09486918939063,0.0783280033860387,1.19194746638851,-5.4176000557209,-8.04923436286547,7.48636993153708,1.83512866521652,-2.80371060712383
"Operculicarya hyphaenoides",354,-42.7011801127784,24.1056933231729,25.1390632586851,17.0068360998514,13.5743724477359,2.87862955190022,-42.7873471958328,25.2748720926721,3.8546349138137,-5.81088031062056
"Euphorbia plagiantha",355,-58.9039640278452,-15.1748283019462,23.2230083905541,12.9872054268237,11.5145528052391,49.9193943366355,-69.1186317573227,41.9644480318731,3.79872580586373,-2.09738305653527
"Euphorbia stenoclada",356,-34.587124563507,15.3887156666239,1.97295709455469,-28.404191138628,9.63978301783777,1.47433594492587,-49.9660031181892,2.87679238810958,4.07213820733192,2.31069313363723
"Baudouinia louvelii",357,-23.2827347046812,-4.3129194974207,2.44574467526219,-0.665909875978809,2.89079719125499,8.22918694435376,-18.7213029289856,-4.26204998797767,-1.61544706095216,-0.0736906308342243
"Mangifera indica",358,-34.4581729847307,5.97591416818253,17.2809164180809,7.43115883834717,18.2376234215075,18.6663296029578,-34.4700523834515,4.34428692372543,-3.13041197731431,2.32827934848753
"Eugenia arenicola",359,-9.96388376263625,-7.49897898590345,5.89416187381543,-0.893971916764706,0.571786000019848,13.3679670910889,-10.9435747663279,-0.22438732564527,-1.82629580531337,0.487435255329465
"Garcinia chapelieri",360,-9.38602455661138,-1.07702577015446,2.1524248061469,-4.14360299053311,3.27221160657571,8.18712006203532,-13.1688586843251,-2.91523521771861,-1.1324816795211,0.635898278284421
"Holmskioldia microphylla",361,-44.4971378730329,28.1402905687444,24.1471926134531,8.69528205731878,2.21663275157206,-10.7507444013356,0.953104317539091,-7.35162984623332,-1.62909392357929,2.82337309550271
"Mascarenhasia macrosiphon",362,-40.1485124822363,48.6079599562916,16.4720406438732,2.21648380664694,16.6450434148998,-24.7301825559586,-15.9793377610497,-16.806133129749,-1.11877167044515,-2.61607055144284
"Dypsis hildebrandtii",363,-49.0520857275483,-67.0108404833814,24.8035127937334,33.1507047371303,-7.03396815073116,86.6566602551225,-3.02065385866599,14.6127265690185,3.41378206188743,3.44101179313348
"Capurodendron microphyllum",364,-16.0004507620911,-3.48795014327696,1.65178385418651,-0.529627686061045,-1.06019503710954,4.18352575042105,-8.33362454250104,-1.07897485744752,-4.27795408192414,0.959077955254621
"Sideroxylon gerrardianum",365,-47.0182631104089,64.8022271554719,16.027444144802,19.8044288230963,14.2040305608767,-45.4939499571056,-32.0135390013399,23.7039199937686,-2.85615595775501,2.1168136436252
"Rhopalocarpus macrorhamnifolius",366,-36.7265829175543,20.1572504798793,6.15090132132569,-29.9876409393342,1.70880738115503,-9.01146228770823,3.14316021537862,-41.330600307321,-1.86695942992421,4.90498890842449
"Rhodolaena bakeriana",367,-43.3545607382284,-0.53667518124384,19.0625295517732,-37.709071825777,1.5895545574915,30.9185841746513,-34.8948067434624,-32.2429198044078,4.31729991749757,1.58704246708383
"Polyscias pentamera",368,-35.9039124316357,59.0257584454743,11.0704001730698,-11.0060266883092,-4.79019961838847,-63.1842850258132,3.84250120230035,-15.7479911188926,-0.552504032123009,0.178350650452758
"Leptolaena pauciflora",369,-37.6924883142154,24.371963615276,10.981783743562,-12.8444849701207,3.50057565338959,-10.6147575789434,-18.0939859203767,-15.2746651108447,-7.22298018594853,-0.162641863979707
"Craspidospermum verticillatum",370,-28.6935984489476,-23.9160456474868,-3.84467992136772,-11.241898389552,-10.4414119124094,26.8710890840515,-1.95870400365234,-6.78023405145962,0.110317605428738,-10.7852749399338
"Homalium brevepedunculatum",371,-41.2781669261199,16.3579159582053,13.3125094557579,-10.6726253197869,-5.11537824905909,-24.8184464955726,36.159380199471,-39.0669683335652,-5.3975886593615,-1.79950720262324
"Manilkara suarezensis",372,-26.630046091315,4.02098372805008,-2.19957288686357,-15.0286172338805,-6.24696248207764,-17.0692921265539,11.7309921033682,-16.8169277315593,2.61839449658443,-1.95512501779214
"Allenanthus greveanus",373,-24.2317349427475,-0.302386569640195,-4.68440927441636,-21.0254521413463,15.1834256077375,19.09002298607,-53.112338683532,-7.63137615432202,0.48403102590411,-0.842817139494827
"Sarcolaena eriophora",374,-30.0109791577488,-12.4717749668586,6.9224371221511,-23.8895994794939,18.3116431529797,41.6356475996912,-59.9978200658663,-9.38994790183532,-1.13138203521001,3.75370955815236
"Tambourissa thouvenotii",375,-16.0068096336794,-1.20538187597257,1.69056169074041,-3.18424370725416,2.07284009751622,4.05297751563728,-19.6107037961661,0.609609977790009,-1.35894068973994,0.715780346068769
"Ficus marmorata",376,-24.5541109430995,-4.27594766575985,-5.32562137559742,-27.0574313455226,15.9962843564539,26.6607054968041,-44.5232536988922,-13.3647917672124,3.55323799513542,4.8971780082586
"Bauhinia hildebrandtii",377,-38.7661540886198,10.0442050294712,1.06439747408349,-36.8984632176459,-0.291559434157618,-21.1308571133423,29.2652881942507,-53.7461523629781,0.466733642567442,-0.847918750739789
"Cadaba virgata",378,-22.4210254294815,2.9650416272244,1.71026985678089,-3.65588592124031,-0.343356394124651,-1.29182648488136,-19.4647858331144,-0.465537600489791,-2.03827360236798,0.913018368655123
"Pyrostria madagascariensis",379,-33.244034989809,10.7550487482413,5.2395943985776,-16.4480260769165,11.7237636888664,21.0696379945221,-64.3023573849302,3.16607741861131,-2.95553088295763,-1.96533702756269
"Scolopia orientalis",380,-32.0002604635009,20.8611640993232,5.57570221629787,-30.2040486547329,8.04131188130917,-6.34749369138459,-41.6874388422382,-11.9630133973427,2.58264796129918,0.803938962355213
"Melicope fatraina",381,-19.4805547613947,8.73878000454625,1.65428955076176,-9.89763722659958,5.88829656017177,-9.12499217198908,-22.2820986995578,2.0287561816449,0.552729002891051,2.40419717390482
"Plagioscyphus stelechantus",382,-29.3682406650143,13.9289046553443,2.95201234771874,0.625302087580301,13.5663910493805,-25.6842509336476,-13.4968724052211,-8.66369987294247,-1.08183954254541,1.53466694286835
"Rhopalocarpus triplinervius",383,-28.7566334846428,12.6336509223441,6.43586619912685,-0.304751324480974,11.6424334200388,-27.1022278063968,-3.28747165143663,-7.54768084271982,-2.15571557490303,1.8223121088448
"Nuxia verticillata",384,-13.3680163170857,0.758261516075822,1.50966653669959,1.68744609900679,1.86175420448512,-4.28431877521467,-2.96665108381147,-2.26099847588854,-0.751530515123857,1.41789954583569
"Neodypsis tanalensis",385,-21.3987274546148,-8.1768564207211,6.78001572159579,11.8795154675083,2.41868248109069,-1.52885653842803,13.1512337682836,-3.11774570805742,-0.679844534960714,4.23128157373633
"Cryptocarya capuronii",386,-15.3423307317913,-8.88890630378337,5.21862533036412,6.72542318806806,10.1810981945439,10.3164401752194,-12.4147520669532,-0.231903460899158,-2.03524272650774,0.950529681616771
"Mammea bongo",387,-54.2698409982492,15.371907460623,28.0172253817873,34.4407114558046,29.4572305824446,-75.6126733558828,67.0860962256341,-16.782009608198,-1.346191694813,7.21212176831961
"Homalium oppositifolium",388,-43.8468971426377,-24.5059012330176,17.3484350532002,6.34925549346381,34.2167848980265,45.9896991394912,-57.9328677217872,-2.65705958517527,-2.30699653157286,3.67748703980699
"Symphonia louvelii",389,-11.1656481849975,6.41940984139688,4.74024627523582,4.75213841941301,2.32015499164677,-19.1616291576234,10.9476550353136,-2.37430151966894,-1.28127711760492,0.734696685716845
"Saldinia oblongifolia",390,-41.4734138803642,11.8545527253446,3.12933410234991,7.30104267175103,-3.42868836373369,-41.9226146360038,14.1048550044918,-5.94153709104792,1.04447791224164,4.47970465442693
"Crateva excelsa",391,-24.8665046684606,16.2005140273459,6.58181021517669,6.01832679515156,10.800400612441,-37.136440425751,25.3485630704764,-15.9036860651564,1.12234666367511,4.53023037049359
"Symphonia macrophylla",392,-31.9332491863295,3.8463257596789,2.75314671232643,6.09103072438705,5.69024363555719,-8.35984592308249,-19.9751223685047,9.37737472295913,-5.57292936752556,-1.90467286727026
"Hymenodictyon louvahato",393,-5.61153575841675,-1.11278376098363,1.46991654085013,2.12636395438856,1.92314688010557,-0.0392345646717903,-0.764825775178615,0.251484087253886,-0.95177061687307,0.901046606191245
"Symphonia microphylla",394,-33.3032900960418,9.54144457047754,5.46153162378243,2.08344239145784,-0.265641137048754,-16.3168262273478,-25.684398343409,4.86837322351394,-1.90955001823602,0.942969188813872
"Grewia calvata",395,-12.2261736115282,0.157142386102638,0.727948710764196,1.3566871598742,4.35317823636827,-0.386689311658186,-9.0625119903309,-0.850132835006757,-1.28289309843127,0.921139570047814
"Xyloolaena richardii",396,-22.1389063957643,35.4327446187877,6.11357042734238,-0.372134532977632,2.80418873727126,-46.2519168267479,-5.10371667989819,-0.590309110179647,-1.10500986181721,1.72972531968954
"Acacia pinnata",397,-48.0419718541313,34.4458566691925,23.0888488315908,-2.74378656690534,24.1577679120639,-22.4322709547664,-29.7739162908242,-5.39473496366718,-4.02131534466829,8.09002366737928
"Tabernaemontana mocquerysii",398,-28.023903585431,43.1096493584845,7.17473879004626,0.311977610835138,0.606894398739366,-70.110286873088,9.39288421787846,-3.93926805888872,-2.06616340789839,0.659332314636755
"Olax andronensis",399,-31.4458818868906,-3.64933014804774,-2.58379316195751,-6.46044577583493,19.9450117477268,17.0610483143403,-40.8192002549221,-6.82638923709455,-3.5935247364895,3.59249961862322
"Erythroxylum pervillei",400,-34.7704193001578,0.0140759564738225,-2.72182018069753,-24.8115476402565,31.0956696007553,17.2959412959394,-58.8475987698024,-9.82633890785116,-3.75673655558304,-2.82012824319939
"Potameia thouarsii",401,-18.2875365085833,11.2905487746367,-0.988531605287342,3.66224607742658,2.06214391787169,-19.3780443780369,-10.0247638107755,1.62274569051642,-0.649206721786437,-0.710114932431885
"Polyscias boiviniana",402,-14.3083842970726,8.49063611727488,2.27985947174744,-1.08650251627183,1.85585785244796,-10.3796525174997,-9.73590377150064,-0.709038648456639,-1.14269271275401,-0.0334968806281924
"Barleria humbertii",403,-25.923524657956,1.6341925086635,8.18406497531163,-7.5890437086813,15.2601838313013,-5.20406594672681,-17.7927915747536,-0.576045769436388,-1.21389316055975,-0.0661115169857451
"Triumfetta pilosa",404,-41.8005752844931,82.6208555661798,25.0492659852054,21.0905420288263,22.742020927604,-79.0076195063611,7.16288783529132,-6.04134751357289,3.09164240710869,-0.984055483313281
"Triumfetta rhomboidea",405,-22.9090291160545,23.9512563762613,6.51585919789145,10.0123610322501,16.2246858766011,-14.2374169252924,-21.5015647670925,6.91279166425092,3.53313708232658,1.58664739417043
"Cucumis melo",406,-36.3488819718357,38.1354951896182,9.38513715834954,-13.7014947654543,22.9066515138176,-52.921947350096,12.6485925314123,-40.3215141608235,-0.738371348070875,1.79238022322502
"Erythroxylum boinense",407,-47.498341420027,-33.9158588049964,19.3851109494009,-13.7502398062375,33.1198539982274,74.3615159054201,-82.9282566451981,-5.0443096395838,-5.05891159109801,-2.67491544247114
"Abrus precatorius",408,-37.9312685326471,28.0500003635128,15.8482070017793,-8.38554618350958,9.62138151670924,-24.643424825641,-27.7208874776475,-5.93717321307222,-2.36698154682546,-3.273993924335
"Asclepias fruticosus",409,-36.5444873531246,10.5123295196642,12.1048371556239,-5.036841451176,30.5804119225843,1.47171748937172,-36.7155805499122,-9.83130119536844,-4.94708189520755,0.592886297200651
"Tabernaemontana crassifolia",410,-14.1524323808179,6.86453273795585,-0.515483437815362,-1.49289978274263,-0.341896865688759,-5.23176428938552,-9.05987257839919,0.414350555731365,-3.25483017551998,0.503250900276686
"Dypsis thouarsiana",411,-37.9128145529352,45.091492453802,17.8527508644539,9.46280473836165,23.3349708984547,-45.029206041113,-18.704823863408,2.60171096987691,-3.76294123406993,-3.21921033953153
"Buddleja madagascariensis",412,-30.109939544079,26.8259283724552,12.473297532081,-1.29218653599825,20.638264872057,-27.0737705795062,-14.6398591028546,-10.6814780052242,-0.593541380538042,-3.44595048240734
"Fernandoa madagascariensis",413,-50.2447225653759,-1.95912059526505,22.7827184043926,16.6815119333208,29.8485568741548,-8.26673114794322,-20.496631268106,-4.36648110301996,-4.05875701834355,-2.14501017047807
"Macaranga oblongifolia",414,-58.4611921555896,16.7393867321594,16.8009597783904,-9.0229213510098,24.0719768662229,-20.6640139155877,-9.27805625640504,-42.6460004941984,-3.77002497290705,-2.28970573985559
"Tambourissa parvifolia",415,-29.4842386401934,-12.7135708001021,12.3386190691849,-6.49401127615671,4.50641030027158,21.3451305960737,-8.38421704026458,-10.4630785772845,-5.68101442227106,-2.554714062913
"Ficus melleri",416,-21.0383320773339,9.9369251118471,1.10356828358051,-10.9753178017577,1.98132670080569,-19.0395786366332,21.9714273256728,-26.771407208438,-4.13621905280472,-0.912779071181956
"Lygodium lanceolatum",417,-43.9684080723851,-14.9111156302928,18.5283723943996,-13.6783563520038,14.162081537629,32.0250109132724,-54.6698557801503,1.20987897282657,-3.8761842887544,0.149047240530766
"Mimosa latispinosa",418,-24.6406548767228,4.11201262768313,-3.34437825740848,-1.99618375919625,3.20762394335873,-11.0892356661934,-5.96507601569542,-9.80815956445139,-2.73000867364265,-1.45351031969867
"Potameia reticulata",419,-52.3935004042433,-62.9822116403524,39.0346616848459,24.4101620202279,9.5336353350802,72.0162785650349,-12.1159100307332,8.76048050951808,5.03129772953537,3.32322897072534
"Melicope madagascariensis",420,-31.9999436779416,-32.4089816057595,10.1398747347669,-13.9594180702881,20.3523188698838,69.5802350452263,-75.5228166872552,4.32151237625491,0.979356820529163,-0.248448190683204
"Beilschmiedia sary",421,-20.8943669674837,-9.60368711707149,10.90248772335,15.1505351886785,8.49126068514508,1.13417968507988,3.83799648383603,1.81737106515355,-1.14556002839406,0.897050880194335
"Noronhia linocerioides",422,-28.8934191055516,-8.89024932519952,12.4401316230068,13.9386367173772,0.301939502673758,-5.62936333527536,9.40357082969788,-0.810473289508151,-1.11276992700601,-2.29405475804878
"Polyalthia leandrii",423,-37.4295013899226,16.4846190502686,12.529493505588,9.08925575591412,-0.464048256471654,-43.3411009481183,-0.703755528925681,12.4986139113827,1.79799318508206,1.57145149549378
"Agauria salicifolia",424,-33.6417392877222,-41.4006168877338,15.4158788393918,6.16537646222318,13.6552013769851,61.381419608928,-34.5705175795621,0.713500282801639,4.44649380449098,1.89196593680569
"Rhodocolea telfairiae",425,-55.8398860195104,-32.3137831956184,27.2316951772436,17.5447591220372,15.9435654367322,51.2897465102529,-65.8882710599534,32.0528139567625,0.00829970351499667,-4.66738836254782
"Melhania ambovobeensis",426,-43.3841527888888,-35.3954385077067,3.33068833948308,6.30685415039919,-4.96572271569287,34.639659350064,-3.21183596781967,-13.9947284874067,5.07399586217791,-1.60975203354414
"Lactuca indica",427,-35.9579878738608,-14.8564281463121,1.74464215671072,3.58280877817055,2.14486348911546,-4.29800813997259,28.4221557916253,-24.2960751288269,2.12899867264432,1.77106397615996
"Weinmannia baehniana",428,-28.6257419828862,40.6930037379865,6.25882853762292,1.04894715178321,11.3231028391815,-60.966304206755,35.0546803421974,-27.9046585291913,-2.67621149936672,4.35596286677931
"Chrysalidocarpus pauciflorus",429,-22.2756683324322,36.2312028656607,10.0351946163436,12.9456705868929,6.63823726278907,-63.7308249846469,20.1622470515928,3.18217766524337,-0.385544714126444,3.05273925169551
"Rhodolaena acutifolia",430,-63.000713343215,55.7050206532621,23.6210996447559,29.4582351368951,6.5097492800162,-87.7357706504969,77.6040682395816,-30.6009080129985,-2.77776640418717,7.08472688640293
"Vitex vondrozensis",431,-28.2935186055478,73.7471135287754,9.10510791449342,25.4526972897858,11.1875346284548,-87.5607078054036,38.0288167836455,-4.33328123464729,1.91392978660138,4.8880439653443
"Dombeya ctenostegia",432,-40.5532012112125,4.14438486888364,19.2148954770945,74.6715276466994,5.40594113967386,-57.0740991979205,65.3583005583531,36.8526251648632,1.31451126110711,-3.54431508929368
"Gnidia danguyana",433,-40.4994243267067,4.58924724941915,14.7050312761006,50.6421693708991,17.2516799365682,-54.142755265163,72.1165299205419,-2.8564091423436,1.88754719235879,4.34652288890351
"Doratoxylon littorale",434,-42.0389698238788,33.8733413382415,14.1686919730032,48.9947938359333,10.9283436418933,-70.3010081151055,56.5242894453677,14.8762805436705,-5.5004785009713,0.622393588468247
"Mussaenda trichophlebia",435,-40.80695466208,43.569289957925,24.1917508393144,19.9596956314009,7.77054836586865,-51.2211374121151,28.6406009439913,-11.9473456457038,0.124993639483505,1.22534627445482
"Solanum erythrocanthum",436,-20.1880137694015,21.7835081663497,8.33763815488378,11.2139865701676,4.47908364286353,-29.9660443665425,21.7193015914385,-7.99454107056412,-0.606439837300937,0.834585502042888
"Kalanchoe beharensis",437,-47.7525567275332,-19.1095383882747,17.364041661314,15.2817941914464,43.6563403834306,19.1456075832968,-32.5610803385021,-10.4998891253861,-0.913044235815457,-3.73988847790418
"Allophylus arboreus",438,-6.72504701814601,3.26738615746124,0.0545164490520346,0.404818224469541,0.160571280607181,-6.36844520540609,-0.184668597782181,-0.932418364672756,-0.0152461679491757,0.142891934081035
"Asteropeia multiflora",439,-42.3136907131783,9.91454149269188,5.91247464846684,11.59082864831,-3.97461476574596,-73.4269202067535,87.1548309820217,-34.0873973641598,-0.099131482500514,-6.71827237057737
"Halleria ligustrifolia",440,-27.3745975331365,13.904812460578,4.97167375659562,-5.98335090338682,3.06840972714011,-29.7639069847537,-9.62753951543971,-2.23849001892971,-0.108835082151005,0.0632853493258387
"Psorospermum fanerana",441,-42.4126262845716,14.7530934316921,13.999139118876,16.5986680131866,3.03624494625052,-60.711880994524,34.0981856490941,0.899982948848925,-3.87649852456501,-4.21645352137573
"Oncostemum humbertianum",442,-11.2199134117153,2.16038863049794,-1.965585161759,-3.15328765445164,3.81709302643933,-0.24687551484572,-14.2062766272975,-1.8894468676514,0.264579947067631,-0.189023928153271
"Pandanus concretus",443,-20.7660481879508,18.2959972196806,-3.5507143346154,-10.5271954170099,6.14904704769048,-17.840760947203,-7.39508723510023,-12.8403965890727,1.71476316249301,-4.61497161894516
"Potameia crassifolia",444,-23.1029094329212,34.3385108272409,-4.1103328200834,2.13445034940624,4.4263942927284,-42.5690432147187,15.8066543737774,-19.3676901787167,3.37631574774694,-0.37441973924414
"Weinmannia multiflora",445,-19.9712882232354,4.77008862239172,-4.04999280340938,2.05311374715824,6.11447958686209,-6.55416738921229,-15.6741756758488,-4.04704827295576,0.735604471042357,0.388503259712573
"Brochoneura vouri",446,-19.457862073669,13.4388380586657,-2.71731923399249,1.43413119448036,1.61059595639199,-17.4643682022633,-11.7281353015157,-1.71063736510335,1.39172723168725,0.154394131072288
"Chloroxylon faho",447,-36.5101369492119,29.6262673853429,-10.8359469707275,-1.93388729825204,-8.0278074882033,-40.1291107573502,32.002073552684,-25.1680242333606,0.868655648604686,-2.60531761280265
"Paropsia madagascariensis",448,-57.9710218396801,70.0924422534253,-9.30999056658348,-22.746209824246,-5.2113742060117,-52.1394762090447,-34.8169514859194,-5.37836543612823,-1.84749004765949,2.1655876813822
"Carissa madagascariensis",449,-15.8525135763412,26.0508426711288,-1.68683308140274,-7.29181211674233,1.80756884838905,-35.7213600904283,2.93392846196826,-9.83576950857771,1.65141958784787,-1.30295440854827
"Cryptostegia grandiflora",450,-24.266473942001,21.2626986138821,-2.73685754920438,1.51633443960949,3.1484236061359,-25.365537800147,-20.6423285308994,1.66588754495399,0.0355970138820837,0.141904088588389
"Dichrostachys tenuifolia",451,-17.8505334873711,14.0005494338084,-2.91690257379299,-2.52779177238709,-2.8945402666768,-14.3084600709591,-7.5937594769766,-0.289390718149313,-0.854239843368764,0.936533037072615
"Cryptocarya trianthera",452,-22.8753790377952,29.186809238173,-1.0424375865815,-19.6268404443105,3.27566772287532,-44.1478601563994,24.3390993064119,-34.3214553236798,1.34344893373678,1.28485179747905
"Dillenia triquetra",453,-28.2596812881929,43.0109196167919,0.335866074919093,3.73337922747257,3.08089535503896,-47.7478201036364,-13.4365171354815,6.367460841148,4.32791350273645,1.77759920116151
"Uapaca littoralis",454,-20.5634969051005,32.7799135018439,-0.0916214758632981,-4.90370956049804,0.755993989607451,-34.0123798818437,-2.75535535520681,-2.44867870406844,5.59055618228145,2.04874539867463
"Symphonia clusioides",455,-36.3688467040031,67.1553064893207,-2.52217180583367,-3.10630228903615,8.83287853806216,-75.0462438755801,1.91313998004258,-15.3933080620156,6.51528335416445,0.972403365571555
"Cynometra commersoniana",456,-23.8869413239904,20.9840495968784,-2.96829764882705,-11.0389862387321,-4.44481777689062,-35.0377260493913,1.36260369137495,-7.63307063451689,3.06436563147079,-2.09755514239986
"Sterculia tavia",457,-41.5152036596207,30.2618942579369,-8.57537045571706,15.1201940979765,-8.37161937849314,-44.6522921457481,23.0331140314741,-2.43429526841669,6.48910971258606,5.0311106498055
"Mostuea brunonis",458,-27.2062827910804,17.9243097099664,3.73439186395051,5.1275153148454,-0.627897173296285,-22.1100542352652,-5.63413058699795,-3.00432903667582,1.99617065740827,-1.03320931582764
"Syzygium emirnense",459,-40.7917922122008,62.5590425551942,10.2346355668032,10.7070488215731,-2.23252088785456,-60.29649546856,8.08556300379483,0.595440717136154,1.55124808028241,-6.07692186665007
"Citrus aurantium",460,-59.3776000128077,-28.9776434888611,-24.2591052177194,11.4785879843607,-23.9590420260054,3.45027497808705,51.6768934209766,-17.0220719635756,-3.90055295035684,4.54823018285997
"Terminalia rufovestita",461,-37.0873656890993,58.8934253588515,-0.297955260824313,7.16039053959951,10.5517583136201,-61.9319125753358,-22.7456930942387,9.728399828532,6.082289231832,-3.8939197103025
"Agelaea pentagyna",462,-51.0601528071166,52.3738867275801,0.463574243973363,-2.02965111550661,16.8748254524649,-79.5967121093591,-22.0326977427128,-8.7467176379624,3.08848284172638,-1.02385336500584
"Potameia antevaratra",463,-37.2064396720113,32.2165693392348,5.03174055011144,-3.88977365346923,33.9391327697481,-34.8837908372866,-29.5100523869303,-13.7544271858589,2.14569624521729,-4.80389902159446
"Danais ligustrifolia",464,-29.710852651028,20.6741567138061,11.9153549338605,22.071246444487,7.26866412873419,-30.6815839808172,-10.5832630742304,23.6984252700238,-0.555792049433051,-5.25300332027687
"Myristica voury",465,-19.9214011764321,9.18788298235723,-1.64215186218882,0.170897153500755,13.0318293580953,-10.4515449943445,-14.0645600387587,-7.80367271450073,2.47530572066219,-1.56352882964607
"Cinnamosma madagascariensis",466,-24.1773134129051,34.8163392053744,2.0958696397951,-0.911153707422356,17.1157878233302,-40.0143312766331,-4.46909851419492,-14.5146951434137,2.37641819797569,-4.01606579924576
"Croton mongue",467,-28.8083866112961,43.8197169590528,-1.13546217600031,-1.70268238877569,8.58414169616395,-45.8386129509393,-9.5157202500978,-4.62310188389578,6.792894932633,-0.328057778608907
"Capurodendron perrieri",468,-42.3216353343749,31.3403666854208,-8.25930246695361,-31.0887820692,14.6435731176745,-30.9640072274331,-39.3463465637212,-20.9613840036616,5.61760275821943,-2.8095707218629
"Carissa sessiliflora",469,-29.7662463315811,24.4407835189792,0.129946863016169,-10.2666792386476,14.4600729415408,-3.51622482580307,-39.4023022870979,-2.96530266037654,-3.4392317456975,-5.8089060396449
"Albizia lebbeck",470,-35.0260673361536,50.5896323943962,-4.50809278050765,-23.7141841843161,8.65085403445709,-61.2117699341413,-3.93373972124311,-24.7457051874782,6.83833514897295,-0.0011130821099338
"Cabucala erythrocarpa",471,-59.9510225626506,79.437121516743,-10.754424521746,-36.8286052744042,31.9076383428432,-57.8233388738752,-77.0008252914725,-17.9624394073121,-0.634669591722365,-5.28541534967202
"Canthium buxifolium",472,-23.147283408579,-6.94803525742818,1.16330587143732,-9.16784913534884,3.84745593141957,6.48559189462861,-17.3815177082822,5.94204930490369,3.67532354166452,-0.726765232794821
"Asplenium nidus",473,-42.3310701095775,16.1441685575067,6.5321618438679,-12.6679840218112,4.01672996320454,-12.2163034962677,-43.5416237943815,10.8163034254086,5.10693293909314,-5.96445206723144
"Oncostemum leprosum",474,-26.9430060287392,-13.9418123724934,-0.00952195553021582,-17.9582977243801,14.2927199096337,44.8985700239982,-61.6070437141264,8.28689535701777,5.13406548753391,6.34355509572653
"Turraea maculata",475,-25.9660925683504,9.97855606380284,-2.37638374162149,-21.4201434616991,10.773401330245,-0.640463427460878,-1.14982149422997,-35.4761707816634,1.40355765930535,0.767664996243127
"Quivisianthe papinae",476,-42.600423202756,58.5127633962069,-4.45203710577347,-11.2996207862057,15.5553733912049,-71.5775803679054,45.7125167514338,-58.0132557384178,-5.15642839741778,1.77392162579869
"Fernandoa coccinea",477,-35.0147034533002,39.0712198871704,-3.93707787428175,-25.8613318621364,21.7770812852082,-17.1429399037329,-29.4639299728445,-24.3199275842663,0.588899726201597,1.68497186731751
"Ixora leptoclada",478,-26.8613433156018,16.8121487502663,-3.85721769174283,-16.5822747728839,13.2056526989587,4.00637237519796,-33.4084408162611,-2.12588691672627,0.739994000303381,5.80919011900631
"Cabucala penduliflora",479,-29.3788800817402,28.3295666343435,-3.71178370410581,-14.2350248133355,6.97357558331497,-11.0020233179527,-16.1890637936857,-6.15301405077199,6.32966153064164,-0.0762318425840801
"Ehretia trichocalyx",480,-28.6694309775422,-2.64817984724685,-4.22791526969575,-27.5773996445405,18.2136419998601,31.7673069480084,-53.9508206502085,-7.13818454552909,4.83749681401543,1.87335011591616
"Dombeya danguyi",481,-32.9845396624616,4.99303787769811,-4.8615545650867,-26.7273546737231,11.6345308138688,-13.4386986438398,17.8066369597557,-36.507554939567,7.01044180238659,3.97387016697785
"Terminalia taliala",482,-45.1792388827374,-28.7528793860813,-3.28401595936311,-34.5438816508422,-0.202780370194704,57.5812709569816,-27.7913575852745,-10.6289896592714,-3.07537727589088,-5.41522424888636
"Neoapaloxylon mandrarense",483,-44.0544074940832,-21.3273531631355,-0.363555938948567,-21.2281539396644,-3.32610988092223,53.854003249145,-22.7564511610384,-1.29932923240497,-5.03234231493497,0.372800315243926
