"plot","lat","long","alphas","Valpha","W1","W2"
1,-12.4395668471588,49.1453666666667,-0.104736203630008,0.0987395041821563,0.196798029889626,0.0731215104404167
2,-12.4485498445427,49.1361672349141,-0.0565601961940182,0.0987395041821563,-0.387362233830459,-0.530174612428129
3,-12.4485498445427,49.1545660984192,-0.043278297667322,0.0987395041821563,-0.545774253886334,-0.197448632923568
4,-12.44855,49.1453666666667,-0.214968448293388,0.0987395041821563,-0.418313044695091,-0.200630962959693
5,-12.4575331528412,49.1453666666667,-0.332352837394393,0.0987395041821563,0.215299999893117,-0.254732369003384
6,-12.5862835138255,49.1814666666667,-0.390336879376901,0.0987395041821563,-0.241581139887285,1.20905276094106
7,-12.5952665093172,49.172262001537,-0.0853596775537784,0.0987395041821563,-0.612091101421344,1.00193984186172
8,-12.5952665093172,49.1906713317964,0.00674711224747833,0.0987395041821563,-0.542879440589426,1.27815419177528
9,-12.5952666666667,49.1814666666667,0.174331533655353,0.0987395041821563,-0.0400372066933949,1.54308346146358
10,-12.6042498195079,49.1814666666667,-0.149783153089308,0.0987395041821563,-0.286147883942815,1.19257312139151
11,-12.7029668471588,49.544,-0.282477130752044,0.0987395041821563,0.203800692215633,-0.024246567306593
12,-12.7119498411441,49.5347911253992,-0.0730525829603712,0.0987395041821563,-1.0559145141129,-0.245850574970831
13,-12.7119498411441,49.5532088746008,-0.0827517910786897,0.0987395041821563,-0.789119065569992,-0.845670566905691
14,-12.71195,49.544,0.194336278654472,0.0987395041821563,-0.359345793001189,-0.132826909703387
15,-12.7209331528412,49.544,-0.127499950693224,0.0987395041821563,-0.596174072886934,-0.371569815569764
16,-13.1349001804921,49.46125,0.339562958855223,0.0987395041821563,-2.07068603510709,-0.574063127617108
17,-13.1438831688888,49.4520251760309,0.0948651908346066,0.0987395041821563,-1.57935365306886,-1.18569225414936
18,-13.1438831688888,49.4704748239691,0.0302426770071284,0.0987395041821563,-1.54515715725684,-1.23360502137249
19,-13.1438833333333,49.46125,0.285537266065131,0.0987395041821563,-0.924138731499046,0.0508789377586
20,-13.1528664861745,49.46125,0.140701468415659,0.0987395041821563,-1.61106243893537,-0.827099965750383
21,-13.3538168471588,49.16235,0.152736491920388,0.0987395041821563,0.81690354686806,-0.218429357717338
22,-13.3627998327155,49.153116870698,0.0869172628906391,0.0987395041821563,1.00601164094512,-0.0431079470327177
23,-13.3627998327155,49.171583129302,0.362831362774525,0.0987395041821563,0.162597719808836,1.1778665234333
24,-13.3628,49.16235,0.0902852371375113,0.0987395041821563,0.923056237901962,-0.999973837288366
25,-13.3717831528412,49.16235,0.0404655578303404,0.0987395041821563,0.757336797850287,0.979060862991287
26,-13.4004335138255,48.3228666666667,-0.10408627395238,0.0987395041821563,-0.27023405999512,0.294736917357674
27,-13.4094164987768,48.3136317494561,-0.0190109818775464,0.0987395041821563,-0.59422996996206,0.826420729421608
28,-13.4094164987768,48.3321015838772,-0.195277238800545,0.0987395041821563,-0.450716866751939,1.14930819662954
29,-13.4094166666667,48.3228666666667,-0.367895608336244,0.0987395041821563,0.00134625809469943,-0.140549421496482
30,-13.4183998195079,48.3228666666667,-0.53637922211841,0.0987395041821563,-0.301471649754527,-0.71108485987443
31,-13.4386668471588,49.2011,0.458415158960385,0.0987395041821563,0.593588214194997,0.604502958706569
32,-13.4473835138255,48.9140833333333,0.0454640220855449,0.0987395041821563,-0.634716655779328,-0.116349699446343
33,-13.4476498316134,49.191863611329,0.388584457167424,0.0987395041821563,0.366096222876067,0.355309833673364
34,-13.4476498316134,49.210336388671,0.319040213682373,0.0987395041821563,0.588094061059369,1.15488482864819
35,-13.44765,49.2011,0.555093808263513,0.0987395041821563,0.265861520903734,0.897660550019764
36,-13.4563664981668,48.9048466085485,-0.115503352417933,0.0987395041821563,0.283224007585083,0.726616665601479
37,-13.4563664981668,48.9233200581182,-0.156274683755868,0.0987395041821563,0.180046263594167,-0.219599852864567
38,-13.4563666666667,48.9140833333333,-0.0556554644284602,0.0987395041821563,-0.932663873796851,0.679524344023451
39,-13.4566331528412,49.2011,0.299874498800285,0.0987395041821563,0.14880892334585,0.548427330421159
40,-13.4653498195079,48.9140833333333,-0.462148832987018,0.0987395041821563,0.870722008572861,0.795408348686219
41,-13.5523835138255,49.5407333333333,-0.51230704994631,0.0987395041821563,0.91571699443865,0.541860965726118
42,-13.5613664968018,49.5314925410245,-0.368892312107792,0.0987395041821563,-0.715563286243849,0.79215282140753
43,-13.5613664968018,49.5499741256422,-0.0280339028751678,0.0987395041821563,-0.0646800102836569,1.05263804050342
44,-13.5613666666667,49.5407333333333,-0.00810420624609926,0.0987395041821563,-0.87694078087486,0.367440038144551
45,-13.5703498195079,49.5407333333333,-0.300345968596583,0.0987395041821563,-0.302628826097185,0.476839645576829
46,-13.5993168471588,49.5101833333333,0.353382811917585,0.0987395041821563,-0.21341831524011,1.7801312496993
47,-13.6082998295246,49.5009407117061,0.380216045659517,0.0987395041821563,-1.45058239438084,-0.964993619015562
48,-13.6082998295246,49.5194259549605,0.326968157161561,0.0987395041821563,0.341700977941816,1.61770808742084
49,-13.6083,49.5101833333333,0.127296044514224,0.0987395041821563,0.509360296285926,0.226184331379015
50,-13.6172831528412,49.5101833333333,0.245142478921976,0.0987395041821563,-1.70306642834504,-0.26108313191644
51,-13.7091835138255,49.3944333333333,0.0574762947678188,0.0987395041821563,0.152866897822896,0.236302329649608
52,-13.7181664947611,49.3851864023332,-0.311900183441308,0.0987395041821563,0.722114097684091,0.507443080477987
53,-13.7181664947611,49.4036802643335,-0.0647527199596479,0.0987395041821563,-1.25770996739022,1.48800592934563
54,-13.7181666666667,49.3944333333333,-0.0686782551900743,0.0987395041821563,0.02633859253137,0.917076904190725
55,-13.7271498195079,49.3944333333333,-0.0156997153297461,0.0987395041821563,0.0852210705592065,0.842619358257331
56,-13.7382835138255,48.5407333333333,-0.272690434058737,0.0987395041821563,0.0967430388454083,0.000666135665872056
57,-13.7401001804921,48.5601833333333,-0.209348130297421,0.0987395041821563,0.290920404712013,0.249417234744127
58,-13.7472664943821,48.5499814121127,-0.352597046012571,0.0987395041821563,-0.75235575826722,-0.289421967652182
59,-13.7472666666667,48.5407333333333,-0.381191819195803,0.0987395041821563,-1.78614426151764,1.38712363181971
60,-13.7490831610251,48.5509351828113,0.00871808656553528,0.0987395041821563,-0.48349405482632,0.395630158219947
61,-13.7490831610251,48.5694314838553,0.0157893104699162,0.0987395041821563,-0.457883084667279,0.644043028067817
62,-13.7490833333333,48.5601833333333,-0.150422210786698,0.0987395041821563,0.052689966377337,0.279242477255353
63,-13.7562498195078,48.5407333333333,-0.0920132342101107,0.0987395041821563,-0.948399712531145,0.535232955124185
64,-13.7580664861745,48.5601833333333,-0.0724000934015179,0.0987395041821563,-0.134619701521548,0.601389962578223
65,-13.7689835138255,49.60555,-0.0495226392673823,0.0987395041821563,0.657052141448236,1.56240381925923
66,-13.7712168471588,48.1043333333333,-0.208929167994926,0.0987395041821563,0.367494958205683,-0.00899977246730658
67,-13.7779664939821,49.5963007074377,-0.0896781394690356,0.0987395041821563,0.570326913119634,1.37046702258667
68,-13.7779664939821,49.6147992925623,0.201097097550967,0.0987395041821563,0.353104407564542,0.530896705269341
69,-13.7779666666667,49.60555,-0.12549065785314,0.0987395041821563,0.0393483340297872,-0.647408686826471
70,-13.7801998272864,48.0950839523559,-0.078345162160593,0.0987395041821563,-0.313163869603138,-0.731203344651995
71,-13.7801998272864,48.1135827143108,-0.471545336540941,0.0987395041821563,0.395848913661282,-0.975760023952107
72,-13.7802,48.1043333333333,-0.367527600905561,0.0987395041821563,0.629585016807822,-0.460277753411271
73,-13.7869498195079,49.60555,0.122855925547551,0.0987395041821563,0.721929909391847,1.53705681987505
74,-13.7891831528412,48.1043333333333,-0.235538385093531,0.0987395041821563,0.621052416014315,-0.674322223560114
75,-13.9219168471588,48.7814666666667,0.0662948842419803,0.0987395041821563,0.0889281717551612,0.355545646208461
76,-13.9308998253214,48.7722112832363,0.209798105982047,0.0987395041821563,-0.426887425424702,1.04658411314025
77,-13.9308998253214,48.790722050097,0.233128679617716,0.0987395041821563,-0.270508176111865,1.67045371513014
78,-13.9309,48.7814666666667,0.0956420479770178,0.0987395041821563,0.379289423192985,0.951902633184894
79,-13.9398831528412,48.7814666666667,-0.0375643764541079,0.0987395041821563,-0.0571381973750163,0.439989726893906
80,-14.0299835138255,48.2926333333333,-0.250469198808582,0.0987395041821563,-0.916406902734821,0.0134158333843234
81,-14.0389664905775,48.3018930653688,-0.296500271743475,0.0987395041821563,-0.672665285373328,-0.0781087720075168
82,-14.0389666666667,48.2926333333333,-0.337085199239603,0.0987395041821563,-0.928316219134688,-0.0843821609182945
83,-14.0417335138255,48.3197,-0.132655060378055,0.0987395041821563,-1.04587055891219,-0.099325127922329
84,-14.050716490424,48.3104397929119,-0.0984084889272437,0.0987395041821563,-0.860338737383394,0.0136609396106724
85,-14.0507166666667,48.3197,0.110452174986301,0.0987395041821563,-0.932917939328558,-0.410278508715793
86,-14.105066489714,48.2918375898375,-0.351656840069555,0.0987395041821563,0.187332301842326,-0.495144126344903
87,-14.1050666666667,48.3011,-0.424566848743037,0.0987395041821563,-0.253258189712768,-0.0286403753868079
88,-14.1140498195079,48.3011,-0.255350241795015,0.0987395041821563,0.283124068620321,-1.058575560939
89,-14.1747668471588,48.9611,0.112468642011105,0.0987395041821563,0.335361553458131,0.438659423778285
90,-14.1837498220189,48.9518343837782,-0.102035897488046,0.0987395041821563,-0.0350407065298747,-1.58047858558639
91,-14.1837498220189,48.9703656162218,-0.199636136985269,0.0987395041821563,0.710748361612721,-0.71761849536495
92,-14.18375,48.9611,-0.00199002032381981,0.0987395041821563,0.0779392329020149,-1.235093930867
93,-14.2356668471588,49.0119833333333,0.0710806425658772,0.0987395041821563,-0.989825309268766,-1.82433367407736
94,-14.2446498212223,49.0212514445356,-0.0491220465835535,0.0987395041821563,0.330027965276047,-0.914732769291107
95,-14.24465,49.0119833333333,-0.246902148142821,0.0987395041821563,0.864861692830641,-1.5656672325951
96,-14.2536331528412,49.0119833333333,0.127750137216333,0.0987395041821563,-0.251890198117541,-0.718236056335721
97,-14.2942164872403,49.0787298494018,0.119483545408085,0.0987395041821563,-0.714382205251443,-1.49675244971959
98,-14.2942164872403,49.0972701505982,0.112944721241124,0.0987395041821563,-0.231047257295364,-1.79831589095549
99,-14.2942166666667,49.088,-0.110165561802604,0.0987395041821563,0.632520702389635,0.596578131737109
100,-14.3031998195079,49.088,-0.0143987074083923,0.0987395041821563,0.879909897913096,-0.684410006552085
101,-14.3321668471588,48.5173666666667,-0.0473412756023931,0.0987395041821563,-0.841393403959979,0.396860842086442
102,-14.3411498199592,48.5266387555384,-0.169945948885538,0.0987395041821563,-0.148221287799258,0.188954387542735
103,-14.34115,48.5173666666667,0.0108478035712343,0.0987395041821563,-0.609636020018296,-0.109200723938951
104,-14.3501331528412,48.5173666666667,0.0456314046016925,0.0987395041821563,-0.164193823734904,0.48492434458487
105,-14.3502168471588,49.1179666666667,-0.350061820743904,0.0987395041821563,0.0119698816518076,-0.469534489677825
106,-14.3591998197229,49.1086938304855,0.134276355307286,0.0987395041821563,-0.23580590742124,-0.0154083570730857
107,-14.3592,49.1179666666667,-0.12149284911374,0.0987395041821563,-0.122783039470989,-0.0955465509302801
108,-14.3681831528412,49.1179666666667,0.251764415340502,0.0987395041821563,-0.0233009282342566,-0.656774158917454
109,-14.3768835138255,48.7174666666667,0.339804791958171,0.0987395041821563,-0.248806213183424,0.578226870389058
110,-14.3858664860403,48.7081927245222,0.0938526290832702,0.0987395041821563,0.264275614766358,0.623387955001495
111,-14.3858666666667,48.7174666666667,-0.256223038792847,0.0987395041821563,0.570367007889611,0.219333994301267
112,-14.3948498195079,48.7174666666667,-0.131503804492965,0.0987395041821563,0.796720865225203,0.408484178380166
113,-14.4314335138255,49.3432833333333,-0.194526414633458,0.0987395041821563,-0.478705566132669,-0.415319767843597
114,-14.4404164853255,49.3525595449468,-0.0437642875336249,0.0987395041821563,0.0682630875382249,-0.546970781464734
115,-14.4404166666667,49.3432833333333,-0.0421660439348509,0.0987395041821563,-0.257343053747413,-0.0969436219445799
116,-14.4493998195079,49.3432833333333,-0.345048555030578,0.0987395041821563,-0.000131838756874732,-0.236125808507089
117,-14.5291001804921,49.6904666666667,-0.236589700972254,0.0987395041821563,1.44404035183096,0.392481288513634
118,-14.5315501804921,49.96295,-0.258744322815883,0.0987395041821563,0.641291089694341,0.0486035695833856
119,-14.5380831507116,49.6997469653488,0.125265436778012,0.0987395041821563,0.564901790414738,-0.0638558225999457
120,-14.5380833333333,49.6904666666667,-0.255700098909134,0.0987395041821563,1.67432380369439,1.04889335448789
121,-14.5405331506795,49.9536695983994,-0.244378761583343,0.0987395041821563,0.321912380904308,-0.890475450339253
122,-14.5405333333333,49.96295,0.172806642651645,0.0987395041821563,0.0636647679368343,-0.630009587133274
123,-14.5470664861745,49.6904666666667,-0.11217876759548,0.0987395041821563,0.891055494735979,-0.582303715723251
124,-14.5495164861745,49.96295,0.138138158611393,0.0987395041821563,0.0819379900172437,-0.121732020741352
125,-14.5518168471588,49.8611,0.108872270228712,0.0987395041821563,0.0623100782869323,-0.865138065902456
126,-14.5540668471588,49.7777666666667,0.137473288671908,0.0987395041821563,0.606442536505303,0.109362384839296
127,-14.5607998170803,49.8703812536921,-0.568991389697434,0.0987395041821563,0.411733274289955,-0.231899573054188
128,-14.5608,49.8611,-0.0394938154229868,0.0987395041821563,0.583511348944296,-0.138803343354664
129,-14.5630498170508,49.7684853182943,0.07831810795942,0.0987395041821563,-0.309000356467128,-1.19266749845579
130,-14.56305,49.7777666666667,0.0597445432870601,0.0987395041821563,0.0266663833263897,-1.45809989713875
131,-14.5720331528412,49.7777666666667,0.22422496602679,0.0987395041821563,0.0374229610254916,0.287010895512626
132,-14.7171168471588,49.4822166666667,-0.145384344637563,0.0987395041821563,0.340730959856843,0.17646026946606
133,-14.7260998149099,49.4915049194945,-0.0219667203059194,0.0987395041821563,-0.026835299241514,-0.255730389168997
134,-14.7261,49.4822166666667,0.0552444226608074,0.0987395041821563,0.681764062367953,0.350962664158832
135,-14.7350831528412,49.4822166666667,-0.17686116983521,0.0987395041821563,0.801150974268254,-0.655126977149316
136,-14.7657835138255,49.6620333333333,-0.117738860054139,0.0987395041821563,1.02316513180253,0.305813597471462
137,-14.7747664809369,49.6527430031083,-0.300256807511222,0.0987395041821563,1.50005535982785,0.359514225885675
138,-14.7747664809369,49.6713236635584,-0.0933680582943829,0.0987395041821563,0.357206334415327,0.763458178872132
139,-14.7747666666667,49.6620333333333,-0.202934617898955,0.0987395041821563,0.0433059075060027,-0.449445341969443
140,-14.8919168471588,49.4907333333333,-0.184560014458336,0.0987395041821563,0.454803004357623,-0.137750031009774
141,-14.9008998126112,49.4814375833917,-0.175512979978603,0.0987395041821563,0.91285215746606,0.374199161643138
142,-14.9008998126112,49.5000290832749,-0.281702094841485,0.0987395041821563,0.716196032788782,-0.204810993595758
143,-14.9009,49.4907333333333,-0.142194298026052,0.0987395041821563,1.5351905674786,1.08081498515102
144,-15.1478335138255,47.1641666666667,0.211130893610643,0.0987395041821563,0.136672794070933,-0.889935566689319
145,-15.1526835138255,49.8227666666667,-0.127971975297094,0.0987395041821563,0.205354569317816,-1.00211315937247
147,-15.1568164759057,47.1548597622732,0.332457458085682,0.0987395041821563,-0.883117105429897,-0.67570705627558
148,-15.1568164759057,47.1734735710601,0.567626172480683,0.0987395041821563,0.91026403374574,-0.121861697025976
149,-15.1568166666667,47.1641666666667,0.159814703990424,0.0987395041821563,-0.884204926279461,-1.24677378225228
150,-15.1616664758417,49.8134595488278,-0.409735729420609,0.0987395041821563,1.07623603227863,-0.245997173027359
151,-15.1616664758417,49.8320737845055,-0.0156419591567642,0.0987395041821563,0.198834040865758,0.384337811096371
152,-15.1616666666667,49.8227666666667,-0.447775139577974,0.0987395041821563,1.19867010018596,-0.666020094046445
153,-15.164849809133,47.4906927420231,-0.17303794034877,0.0987395041821563,1.79820329654902,-0.240732072531715
154,-15.164849809133,47.5093072579769,-0.0895856077005733,0.0987395041821563,0.294029494372164,0.429452063381347
155,-15.16485,47.5,0.11266310780328,0.0987395041821563,0.695397345525913,0.211951342624746
156,-15.1657998195079,47.1641666666667,0.446023540834008,0.0987395041821563,-1.96876977191894,-1.00861142657972
157,-15.1706498195079,49.8227666666667,-0.625734540253209,0.0987395041821563,1.42617827177018,-0.187287033735571
158,-15.1892001804921,49.7175833333333,-0.107758085488353,0.0987395041821563,0.258603341669074,-0.290700585178154
159,-15.1981831420265,49.7082746059628,-0.324890430947209,0.0987395041821563,0.276727365197393,-0.0118190186083291
160,-15.1981831420265,49.7268920607039,0.123804307731129,0.0987395041821563,-0.766312324984024,0.435310796468656
161,-15.1981833333333,49.7175833333333,-0.422297518804717,0.0987395041821563,-0.0350993040356816,-2.06608476235069
162,-15.1982168471588,50.1550833333333,0.212958249760201,0.0987395041821563,0.938127450712018,0.309122331844146
163,-15.2071664861745,49.7175833333333,0.160257040238735,0.0987395041821563,-0.376475331765928,0.580378231742864
164,-15.2071998085741,50.1457742078706,0.0889153246499092,0.0987395041821563,0.681159245183296,0.727553848896871
165,-15.2072,50.1550833333333,0.295632667289779,0.0987395041821563,1.09282351910409,0.710028205065626
166,-15.2161831528412,50.1550833333333,0.0842412664281004,0.0987395041821563,0.418585138421658,0.668134166036255
167,-15.2332335138255,50.0327666666667,0.114492600480133,0.0987395041821563,0.380635025449206,-0.93605107048145
168,-15.2422164747785,50.0420773406496,0.359268454796577,0.0987395041821563,0.00320369664461422,0.264289251462944
169,-15.2422166666667,50.0327666666667,0.351380199111612,0.0987395041821563,0.420970969671201,-0.14118669038498
170,-15.2511998195079,50.0327666666667,0.260191222258134,0.0987395041821563,-0.0466892352740948,-0.103022319394011
171,-15.2973168471588,49.4027666666667,0.145746455366449,0.0987395041821563,0.78448840684902,-0.228836097279039
172,-15.3062998072655,49.3934531484211,0.0893856034779605,0.0987395041821563,0.317041305905812,-0.680870685826852
173,-15.3062998072655,49.4120801849123,-0.0717251508883782,0.0987395041821563,1.38152714743375,-0.608904840826553
174,-15.3063,49.4027666666667,-0.150562171208304,0.0987395041821563,1.23409195606333,-0.752917018040867
175,-15.3108335138255,50.1458333333333,0.0385471065046948,0.0987395041821563,0.0302734623475802,-0.619888240764169
176,-15.3152831528412,49.4027666666667,-0.0659831362537915,0.0987395041821563,1.06503583150815,-1.24209222167393
177,-15.3198164737536,50.1365192134564,0.138443357746019,0.0987395041821563,-0.749220506298319,-0.534782965699427
178,-15.3198164737536,50.1551474532103,0.0570979777409363,0.0987395041821563,-1.1254826067115,-0.812467817847363
179,-15.3198166666667,50.1458333333333,0.250946954273818,0.0987395041821563,-0.202949887112769,-0.749641626863515
180,-15.3671335138255,50.0416666666667,0.0982793466489185,0.0987395041821563,-0.105896501027938,-0.389011154460729
181,-15.3696335138255,46.8526,-0.0739143807975281,0.0987395041821563,0.917172382916323,1.02679816338133
182,-15.3761164730095,50.0323500344428,-0.107520926595241,0.0987395041821563,0.320769400492759,-0.158670404656725
183,-15.3761164730095,50.0509832988905,0.42389562220655,0.0987395041821563,0.00306223887034325,-0.218055809407829
184,-15.3761166666667,50.0416666666667,0.377516518950117,0.0987395041821563,0.0223959088060277,-0.489387222337215
185,-15.3786164729764,46.8432832559754,-0.0326848800598572,0.0987395041821563,0.332247651364853,-0.245589258685907
186,-15.3786166666667,46.8526,0.235915183414264,0.0987395041821563,0.955019424664463,1.10461171627279
187,-15.3850998195079,50.0416666666667,0.320144719010959,0.0987395041821563,-0.0465938249385918,-0.726110356336616
188,-15.4027668471588,49.2083333333333,-0.180409766389878,0.0987395041821563,-0.193056743665311,-2.31811068393808
189,-15.4031668471588,50.1574,0.192122495510392,0.0987395041821563,-0.396805719505869,-0.722172173678323
190,-15.4097835138255,49.3675333333333,0.0847801889845532,0.0987395041821563,0.303120252594281,-0.818318167105034
191,-15.4117498058716,49.1990151056469,-0.180409568944543,0.0987395041821563,0.695475487866266,-1.06108362042143
192,-15.4117498058716,49.2176515610197,0.154094511989707,0.0987395041821563,1.18021808542236,0.702536085267011
193,-15.41175,49.2083333333333,0.168583092057065,0.0987395041821563,-0.0441317175125534,-1.47636911784365
194,-15.4121498058663,50.1667182456197,0.486127262891673,0.0987395041821563,-0.569624116709658,-0.129722585154956
195,-15.41215,50.1574,0.283281930346676,0.0987395041821563,-0.742241883764028,-0.44008842422462
196,-15.4187664724455,49.3582147909904,0.0293247836286674,0.0987395041821563,-0.0635589965815746,-0.224032737932466
197,-15.4187666666667,49.3675333333333,0.0604871906595518,0.0987395041821563,0.27854344368226,-2.13494680430294
198,-15.4207331528412,49.2083333333333,0.0985453772713732,0.0987395041821563,0.409804408492942,-1.44220663973656
199,-15.4211331528412,50.1574,0.0210129370410869,0.0987395041821563,-0.520019264761863,-0.8962257167555
200,-15.4277498195079,49.3675333333333,0.00394858039861009,0.0987395041821563,0.492809516785101,-0.634678053442104
201,-15.5002335138255,47.7350666666667,-0.00492635488454016,0.0987395041821563,-0.392119583888958,-1.92528650061527
202,-15.5092164712487,47.7257440537449,0.00510433547430732,0.0987395041821563,0.258531055539891,0.116459269216384
203,-15.5092164712487,47.7443892795884,0.309259243433185,0.0987395041821563,0.293188470198609,-1.35414120478254
204,-15.5092166666667,47.7350666666667,-0.064203420696787,0.0987395041821563,0.741487234215779,-0.589147652209912
205,-15.5181998195079,47.7350666666667,0.0291970167127684,0.0987395041821563,0.82334390464387,-0.305611765205026
206,-15.5225335138255,49.4120333333333,-0.404442104642792,0.0987395041821563,0.537683836446451,-1.86098370082622
207,-15.5315164709535,49.4027097127127,-0.00866111477144113,0.0987395041821563,0.156331065103754,-0.324628987679325
208,-15.5315164709535,49.421356953954,-0.244459279129358,0.0987395041821563,1.16603081395679,-1.29294762132453
209,-15.5315166666667,49.4120333333333,0.115232482800276,0.0987395041821563,1.14521295396593,-1.24791995357761
210,-15.5404998195079,49.4120333333333,0.0835939538344564,0.0987395041821563,0.884642530429524,-0.910958612784494
211,-15.5580335138255,47.8127333333333,0.174825280244924,0.0987395041821563,-0.454026566700343,-2.28914021809129
212,-15.5604501804921,50.2407333333333,0.268042306799852,0.0987395041821563,-0.459205373218343,-0.524626211549063
213,-15.5670164704834,47.8034081051641,0.289627850065652,0.0987395041821563,0.0556863966623632,-0.740624466525712
214,-15.5670164704834,47.8220585615026,0.412087092432281,0.0987395041821563,0.260330383452709,-0.965378199818989
215,-15.5670166666667,47.8127333333333,-0.000413415933467398,0.0987395041821563,-0.258429958469175,-1.19642039119749
216,-15.569433137118,50.250058671087,0.344141859398674,0.0987395041821563,-0.888440383503153,0.798706236843164
217,-15.5694333333333,50.2407333333333,-0.0377211301085112,0.0987395041821563,-0.351611629720527,0.0551145217342183
218,-15.5759998195079,47.8127333333333,-0.0463092807918318,0.0987395041821563,0.0113923719220085,-0.652203287168454
219,-15.5784164861745,50.2407333333333,0.318043299833251,0.0987395041821563,-0.614154665620383,0.922733853292744
220,-15.6261501804921,49.2361,0.0701163798034641,0.0987395041821563,0.149397236912366,-1.34856932215416
221,-15.6351331362476,49.2267716757161,0.0121984624231604,0.0987395041821563,0.761907733888965,0.768326514277553
222,-15.6351331362476,49.2454283242839,0.0912914164047833,0.0987395041821563,0.462762762044554,-0.887757336536429
223,-15.6351333333333,49.2361,0.122515212866329,0.0987395041821563,0.53090730136196,-0.247743595187094
224,-15.6441164861745,49.2361,0.107822703728789,0.0987395041821563,0.92254071022037,0.0271732580563937
225,-15.6613001804921,46.9258666666667,0.0216343232820796,0.0987395041821563,-0.425911333726201,-2.01965402953515
226,-15.6630331358777,47.4701462634934,0.0808514576069049,0.0987395041821563,-0.470824254187871,-0.50636866747546
227,-15.6630333333333,47.4608166666667,0.321390844905275,0.0987395041821563,-0.211268160142087,-0.0669071545350984
228,-15.6702831357816,46.9165367387423,-0.333502674388351,0.0987395041821563,-0.395923381066967,1.50343237341476
229,-15.6702831357816,46.9351965945911,0.339902935533895,0.0987395041821563,1.04156199661132,0.986128433302798
230,-15.6702833333333,46.9258666666667,0.0238770299366554,0.0987395041821563,1.77553659210833,-1.02397849288019
231,-15.6720164861745,47.4608166666667,0.354527836031937,0.0987395041821563,-0.39066463920123,0.357724551948258
232,-15.6757835138255,47.2649166666667,-0.0128062372937257,0.0987395041821563,0.737764856459899,-0.836623419677068
233,-15.6792664861745,46.9258666666667,0.039595029568876,0.0987395041821563,1.50044461402532,0.778488321778469
234,-15.6847664689229,47.2555860767903,0.269407821258615,0.0987395041821563,1.30841405393588,-0.453627930071269
235,-15.6847664689229,47.274247256543,-0.0982125710340413,0.0987395041821563,1.2256867209527,-1.18150815921877
236,-15.6847666666667,47.2649166666667,-0.248799544807092,0.0987395041821563,1.22722152378065,-0.213791860325618
237,-15.6914668471588,49.3425833333333,0.00028322661595462,0.0987395041821563,0.490332853646408,-0.309223571069399
238,-15.6937168471588,50.1458333333333,-0.368288535981629,0.0987395041821563,-0.551350057472048,0.465563786493933
239,-15.6937498195079,47.2649166666667,0.071508959732665,0.0987395041821563,0.794181135754556,-0.246822724833374
240,-15.7004498020483,49.3332520258813,-0.019586723327945,0.0987395041821563,0.0186852968992927,0.0553984274711962
241,-15.7004498020483,49.3519146407853,-0.114056341422239,0.0987395041821563,0.80665849735752,0.273323723454378
242,-15.70045,49.3425833333333,0.111906806803125,0.0987395041821563,0.914759871389104,-0.0701175125806196
243,-15.7026998020184,50.1551647437983,-0.00898554542044368,0.0987395041821563,-0.552713246798179,0.351967113771969
244,-15.7027,50.1458333333333,0.32584423462287,0.0987395041821563,-0.464711971773632,0.196994594108114
245,-15.7094331528412,49.3425833333333,-0.15157949181043,0.0987395041821563,1.06026423412334,-0.0848418421595859
246,-15.7116831528412,50.1458333333333,0.314607756728559,0.0987395041821563,-0.843856209414031,0.110745221527215
247,-15.7224668471588,47.5615666666667,0.452382568640264,0.0987395041821563,0.0538412160187759,-0.0797195772501274
248,-15.7314498016371,47.5522339384578,-0.000847673761210883,0.0987395041821563,0.0647595338106427,0.00883598803492093
249,-15.7314498016371,47.5708993948755,-0.0477064514189709,0.0987395041821563,-0.675809240095727,-0.948147708208772
250,-15.73145,47.5615666666667,0.369907098957837,0.0987395041821563,0.261235410433756,-1.32513216930579
251,-15.7404331528412,47.5615666666667,0.788565580877043,0.0987395041821563,-0.170633927047064,0.430610461239506
252,-15.7928168471588,49.4166666666667,-0.2261413511175,0.0987395041821563,1.56471986846907,-0.0692035296517671
253,-15.8017998007035,49.4073307025095,0.118885856100242,0.0987395041821563,-0.115024886360919,-1.13185212785793
254,-15.8017998007035,49.4260026308238,0.077911272381798,0.0987395041821563,-0.581608667185065,-0.900507663571496
255,-15.8018,49.4166666666667,0.0317512282234415,0.0987395041821563,0.700040297559262,-0.4847899804225
256,-15.8107831528412,49.4166666666667,-0.279034231231392,0.0987395041821563,1.61991901966152,-0.834899931384411
257,-15.8297835138255,47.83145,-0.166303746280618,0.0987395041821563,-0.74298006289895,-0.238870207957687
258,-15.8387664668793,47.8221123289129,0.00606907110047242,0.0987395041821563,0.463347394573954,-0.605377462815058
259,-15.8387664668793,47.8407876710871,0.333194517486497,0.0987395041821563,-0.37661152013501,0.0124881777398506
260,-15.8387666666667,47.83145,-0.166438419346937,0.0987395041821563,0.640830800015002,-1.89135065599275
261,-15.8477498195079,47.83145,-0.155492598015618,0.0987395041821563,0.620454671089769,0.746819496837571
262,-15.9054168471588,49.3009166666667,-0.0904120650553655,0.0987395041821563,-0.138393393658177,-1.47320166449814
263,-15.9143997992079,49.2915754891565,-0.2048109470716,0.0987395041821563,-1.02431478918993,-0.205719813964973
264,-15.9143997992079,49.3102578441768,-0.136797246414078,0.0987395041821563,0.587728555612973,-0.515870189147823
265,-15.9144,49.3009166666667,-0.0133992460651537,0.0987395041821563,-0.488340617295839,-0.866345943568337
266,-15.9233831528412,49.3009166666667,0.0303096479363783,0.0987395041821563,-1.05971744678538,-1.68607981780175
267,-15.9865001804921,49.33795,0.211968672343071,0.0987395041821563,0.324459514598751,-0.455403225199863
268,-15.9954831314632,49.3286050423809,0.387596325033974,0.0987395041821563,-0.226540187231568,-0.486324048362162
269,-15.9954831314632,49.3472949576191,0.159337486833605,0.0987395041821563,0.569435631890463,0.179982060836088
270,-15.9954833333333,49.33795,0.206514009883097,0.0987395041821563,0.130943912760995,-0.441729782705023
271,-16.0044664861745,49.33795,-0.0396088662679756,0.0987395041821563,1.32104534494834,-0.108811234933555
272,-16.0285997976893,47.1264465077849,-0.0243034502034092,0.0987395041821563,0.11303697009926,0.574333064336854
273,-16.0375831528412,47.1171,0.242655653886491,0.0987395041821563,0.518870686781012,0.739056634767805
274,-16.0450668471588,49.1990666666667,0.269039464725733,0.0987395041821563,-0.0769261404087556,-0.544213430890226
275,-16.0540497973506,49.1897189651148,-0.190713469516985,0.0987395041821563,-1.30447409575978,-0.2288342325281
276,-16.0540497973506,49.2084143682185,-0.0739767790150244,0.0987395041821563,-0.18590255959648,-1.07532248971155
277,-16.05405,49.1990666666667,-0.220190803762021,0.0987395041821563,-0.234818550986079,-0.271125218522766
278,-16.0630331528412,49.1990666666667,-0.282168007247311,0.0987395041821563,-0.203920141293768,-1.42944878450644
279,-16.0991168471588,49.2962833333333,0.148833182301147,0.0987395041821563,0.0947417097402694,-0.363851335287397
280,-16.1080997966311,49.28693308936,0.0333613558866239,0.0987395041821563,0.0837060177733041,-0.227677635866285
281,-16.1080997966311,49.3056335773067,0.0186716321651329,0.0987395041821563,0.273311253746255,-0.235971398771771
282,-16.1081,49.2962833333333,0.00440305102325174,0.0987395041821563,-0.197049042813004,-1.01314964876727
283,-16.1170831528412,49.2962833333333,0.265237396661974,0.0987395041821563,-0.229729266393947,-1.36521381160338
284,-16.2409997948602,46.8290601299888,-0.0866083127892893,0.0987395041821563,-1.84718706568613,-0.759009121567113
285,-16.2409997948602,46.8477732033445,-0.0264152458559377,0.0987395041821563,-0.277740890155405,0.348594966739086
286,-16.241,46.8384166666667,-0.150178369699906,0.0987395041821563,0.574862792986367,0.182064838127696
287,-16.2499831528412,46.8384166666667,-0.231234311177254,0.0987395041821563,0.750131441289854,0.538757563121565
288,-16.2928168471588,49.30555,0.119319494753441,0.0987395041821563,0.155202370928317,-0.581147686664667
289,-16.3017997940493,49.2961905648725,0.042683997199773,0.0987395041821563,0.0860516089383889,-1.22186214422096
290,-16.3017997940493,49.3149094351275,0.0556859020481902,0.0987395041821563,0.604398110657658,-0.926673032447944
291,-16.3018,49.30555,0.135654241270543,0.0987395041821563,-0.0720449792287123,-0.563050306781116
292,-16.3107831528412,49.30555,-0.0572795814052134,0.0987395041821563,0.32485744392996,-0.881315992623853
293,-16.3874001804921,49.7047,0.129477013065287,0.0987395041821563,-0.618118311314947,-1.06877916915172
294,-16.39638312612,49.6953360313673,-0.0635954324560525,0.0987395041821563,-0.0449276753232454,-0.790741006813418
295,-16.39638312612,49.7140639686327,-0.0291535394434099,0.0987395041821563,-0.607001331417341,-0.276135284556103
296,-16.3963833333333,49.7047,-0.402269896623791,0.0987395041821563,-0.024717020515037,-0.860418547300419
297,-16.5991497900759,46.5981262115217,-0.144745593669497,0.0987395041821563,1.95823061292243,-0.57392539951303
298,-16.5991497900759,46.6168737884783,-0.166810633043141,0.0987395041821563,1.90459608296576,-0.890495477151346
299,-16.59915,46.6075,-0.199625257487816,0.0987395041821563,1.76780472665763,-0.804462629371611
300,-16.6306501804922,49.5900833333333,0.188388259020718,0.0987395041821563,-0.708050714252457,-0.364631495240018
301,-16.6396333333333,49.5900833333333,-0.146997457129925,0.0987395041821563,-0.902421402420646,-0.32700349631226
302,-16.6486164861745,49.5900833333333,0.0827823871064235,0.0987395041821563,-0.939547766169482,-0.700879020355186
303,-16.6954497887865,44.5514285006029,-0.295487783617817,0.0987395041821563,0.0289231111976595,-0.273690804015619
304,-16.69545,44.54205,-0.417216183727492,0.0987395041821563,-0.270773338653322,-0.870141603429698
305,-16.7044331528412,44.54205,-0.184691107698753,0.0987395041821563,0.375681354646606,-0.0802673667534822
306,-16.7824997876198,44.4260338796591,-0.506991504286934,0.0987395041821563,-0.219434569940087,-0.294309112037636
307,-16.7824997876198,44.4447994536742,-0.49814495650537,0.0987395041821563,-0.0809456205748263,-0.266111336535662
308,-16.7825,44.4354166666667,-0.510326581502822,0.0987395041821563,-0.0431873171388137,-0.288664615425182
309,-16.7914831528412,44.4354166666667,-0.388001684288707,0.0987395041821563,-0.55650367500754,-0.20255878820085
310,-16.8018501804921,49.3339166666667,0.29614924503843,0.0987395041821563,-0.217434058491206,-1.27347855260147
311,-16.8108331205732,49.3245324789863,0.0430283780797888,0.0987395041821563,-0.414834170945638,-1.38163209160522
312,-16.8108333333333,49.3339166666667,0.304206162042525,0.0987395041821563,-1.02187937821105,-1.34992196068707
313,-16.9338331189223,48.7746097002652,0.278239277046233,0.0987395041821563,0.601571848071541,-0.685334707306186
314,-16.9338333333333,48.784,0.152090095969561,0.0987395041821563,0.845357393236387,0.651739418311564
315,-16.9428164861745,48.784,0.120607046096886,0.0987395041821563,1.3003478676136,-0.461681733606191
316,-16.96799978513,48.710392006625,0.514098152762625,0.0987395041821563,1.27431929728531,-0.0965303452568551
317,-16.968,48.701,0.15732874044202,0.0987395041821563,0.324731105352694,-1.24029523505119
318,-16.9769831528412,48.701,0.181643221575926,0.0987395041821563,0.48516577303181,-0.375178619386599
319,-16.9910168471588,48.8503333333333,0.403159310526158,0.0987395041821563,0.863034189579174,-0.686758987178896
320,-16.9999997847,48.8409397244672,0.255018395577465,0.0987395041821563,-0.488244964828029,-0.635411145566963
321,-16.9999997847,48.8597269421994,0.20853672903835,0.0987395041821563,0.895933110500157,-0.435544623731338
322,-17,48.8503333333333,0.0876831212616317,0.0987395041821563,0.588751186509077,-0.751629735896546
323,-17.0089831528412,48.8503333333333,0.066536980179554,0.0987395041821563,-0.643247238815055,-0.652777937275252
324,-17.0737501804921,48.7314666666667,0.639717882499741,0.0987395041821563,0.652506609110515,-0.581488408796341
325,-17.0827331169209,48.7220688992132,0.352704460179534,0.0987395041821563,1.1559050618072,-0.639693989131062
326,-17.0827333333333,48.7314666666667,0.461765161452134,0.0987395041821563,1.37850660126237,0.716946727443776
327,-17.2117335138255,48.7870333333333,0.551737023379097,0.0987395041821563,0.581883605287188,-0.833587234452543
328,-17.2207164483968,48.7964380883632,0.636204904235235,0.0987395041821563,0.71973614255381,-0.661964886262353
329,-17.2207166666667,48.7870333333333,0.30756113184172,0.0987395041821563,-0.804659201509642,-1.88019435435527
330,-17.2824835138255,44.1403666666667,0.148567451881399,0.0987395041821563,0.138743134383304,-0.700434754212862
331,-17.2914664474433,44.1497750297321,0.22769745893151,0.0987395041821563,-0.156507446452778,-0.683640792102944
332,-17.2914666666667,44.1403666666667,0.255128870548947,0.0987395041821563,-0.184027974994201,-2.07762818893239
333,-17.3004498195078,44.1403666666667,-0.109531367310459,0.0987395041821563,-0.98790850425128,-1.17779476188158
334,-17.5414668471588,48.72685,0.240667897472252,0.0987395041821563,0.665305901318385,-0.728503074653274
335,-17.5504497772801,48.7174282832483,0.489297734527715,0.0987395041821563,0.520041907358814,-1.69394191773621
336,-17.5504497772801,48.7362717167517,0.440686347265175,0.0987395041821563,0.504863024549058,-2.17485913578447
337,-17.55045,48.72685,0.378279710215219,0.0987395041821563,0.337239538445455,-0.782868936996612
338,-17.5594331528412,48.72685,0.529792026709891,0.0987395041821563,0.795141445073662,-1.56376242297183
339,-17.7340001804921,44.12765,0.119702134588476,0.0987395041821563,-0.538655971469004,0.141864088456558
340,-17.7429831080076,44.1182182062337,0.3141622014863,0.0987395041821563,-1.21733299588984,-0.14023732691904
341,-17.7429833333333,44.12765,0.288040902407818,0.0987395041821563,-1.2437822866973,0.311614066876914
342,-17.7519664861745,44.12765,-0.0791196595567732,0.0987395041821563,-0.0113674097912775,-0.699484027528187
343,-17.9144335138255,48.5744166666667,0.00866547075407111,0.0987395041821563,0.135076583971554,1.15261151423422
344,-17.9234164388937,48.5649753127322,0.413712970602199,0.0987395041821563,1.38780649293803,-0.238362653244633
345,-17.9234164388937,48.5838580206011,-0.143454311181406,0.0987395041821563,1.37420505340602,-0.197671496966105
346,-17.9234166666667,48.5744166666667,0.0497836495876014,0.0987395041821563,0.752993699227047,-0.21906781579746
347,-17.9323998195079,48.5744166666667,0.501692758390488,0.0987395041821563,1.32500409054334,-0.469653916381004
348,-17.9774168471588,48.82075,0.110489981587287,0.0987395041821563,2.13872247964149,0.510442109843022
349,-17.9863997713716,48.8113052822941,0.14430986473534,0.0987395041821563,2.11971694234204,0.871592264348941
350,-17.9863997713716,48.8301947177059,0.185500068792357,0.0987395041821563,1.14911576505654,-0.0103748052001421
351,-17.9864,48.82075,0.144762321813007,0.0987395041821563,1.15500937907243,0.377294032643637
352,-17.9953831528412,48.82075,0.139417993533235,0.0987395041821563,1.24155665024891,-1.45146856928655
353,-18.1231831028451,48.6735645961044,0.139310819378875,0.0987395041821563,1.53258165222435,0.0860878209942422
354,-18.1231831028451,48.6924687372289,0.205361645797971,0.0987395041821563,1.32538131672986,0.574679360462001
355,-18.1321664861745,48.6830166666667,0.191770844672466,0.0987395041821563,1.63722378781061,0.33519968756059
356,-18.1468001804921,48.92,0.268343214974381,0.0987395041821563,0.943537315511072,0.477644825081234
357,-18.1557831024014,48.9105461673647,0.000399953220608053,0.0987395041821563,0.824958063263694,-0.596806740951089
358,-18.1557831024014,48.9294538326353,-0.0385140682733079,0.0987395041821563,0.596902887566961,0.680593808564965
359,-18.1557833333333,48.92,-0.092447003395726,0.0987395041821563,0.953193742090906,0.562643642734488
360,-18.1647664861745,48.92,0.427774176944958,0.0987395041821563,0.89114441316448,0.617843664110342
361,-18.3738835138255,44.6415,0.238801673953085,0.0987395041821563,0.0562227599205826,2.0412068401518
362,-18.3828664326396,44.6320337898592,-0.119894168739507,0.0987395041821563,-0.9467677327605,2.05193932206321
363,-18.3828664326396,44.6509662101408,0.0620837918196294,0.0987395041821563,0.974609827275263,2.05562198756551
364,-18.3828666666667,44.6415,0.133632531498143,0.0987395041821563,0.46619516063726,2.12998956242911
365,-18.3918498195079,44.6415,0.300349291047738,0.0987395041821563,0.936335228505482,1.9194227642257
366,-18.4040501804921,48.49055,0.0310606525689855,0.0987395041821563,0.828965615205665,-1.38330722642918
367,-18.4130330988944,48.4810821319452,0.351220073305833,0.0987395041821563,0.545216868792894,-0.681538358594607
368,-18.4130330988944,48.5000178680548,-0.0832177239511325,0.0987395041821563,0.978596875073206,0.458114538595653
369,-18.4130333333333,48.49055,0.115875710236379,0.0987395041821563,0.812876814260415,-1.45291831483547
370,-18.4220164861745,48.49055,-0.128805905950159,0.0987395041821563,1.1404168039063,0.820591828464814
371,-18.4311497653137,48.9868188652599,0.192429728003406,0.0987395041821563,-1.00465066109095,0.459109343140358
372,-18.43115,48.97735,-0.438441173071647,0.0987395041821563,-0.790823215464905,0.204529518311807
373,-18.4928168471588,48.4716833333333,0.198797635480545,0.0987395041821563,0.950159367488233,-0.71400900898069
374,-18.5017997643485,48.4622105681897,0.156409373620755,0.0987395041821563,1.04281640992876,1.35997410772427
375,-18.5017997643485,48.4811560984769,0.0552446249765089,0.0987395041821563,-0.249979499125737,0.0607877530545643
376,-18.5018,48.4716833333333,0.0306965507904483,0.0987395041821563,1.75156539963749,0.955374968491069
377,-18.5036835138255,48.56225,-0.147333163859316,0.0987395041821563,1.87862640543058,0.275040924891468
378,-18.5091168471588,48.6075333333333,0.0735817999710766,0.0987395041821563,0.591322756696139,-0.460772375384013
379,-18.5107831528412,48.4716833333333,-0.0197539800664222,0.0987395041821563,-0.174449043197543,-1.37105264260256
380,-18.5126664308667,48.5527766334524,-0.139158979276046,0.0987395041821563,1.92234129335126,-0.253206974738083
381,-18.5126664308667,48.5717233665476,-0.0152114170708872,0.0987395041821563,2.01042865492644,0.846585079112931
382,-18.5126666666667,48.56225,-0.0365626563020994,0.0987395041821563,1.73902344258223,-0.305655978510372
383,-18.5180997641258,48.5980596659273,-0.0786788432084664,0.0987395041821563,-0.19928889570968,-0.90154317144211
384,-18.5180997641258,48.6170070007393,-0.119293044686248,0.0987395041821563,0.350010140996466,-0.602437914980482
385,-18.5181,48.6075333333333,-0.427589259419977,0.0987395041821563,1.10290117795371,-0.712281280727319
386,-18.5216498195079,48.56225,-0.197826759387602,0.0987395041821563,1.34850301782487,-1.00276331486469
387,-18.5270831528412,48.6075333333333,0.212772812651327,0.0987395041821563,-0.248829430423498,-1.07470578867148
388,-18.5632168471588,48.5584833333333,-0.214224086721024,0.0987395041821563,1.33885835416428,0.903671704489927
389,-18.572199763386,48.5490066645708,-0.318243623689388,0.0987395041821563,1.48660049642684,-0.498135191457814
390,-18.572199763386,48.5679600020958,0.127741102260405,0.0987395041821563,0.644205815013536,-1.08246407568892
391,-18.5722,48.5584833333333,0.00106456366601168,0.0987395041821563,0.658816266575512,1.21205181014818
392,-18.5811831528412,48.5584833333333,0.116055373926618,0.0987395041821563,0.585405250614445,-1.37095416358021
393,-18.6261501804921,44.7216833333333,0.21300223570981,0.0987395041821563,-0.793322925018604,2.1544160935506
394,-18.6351330958582,44.7122031601269,-0.0330943467398633,0.0987395041821563,-0.681683141841568,2.22999907693982
395,-18.6351330958582,44.7311635065398,0.157720293530979,0.0987395041821563,0.698043315277254,2.02315842949581
396,-18.6351333333333,44.7216833333333,0.244481163067861,0.0987395041821563,0.322667694265042,2.44050493605516
397,-18.6441164861745,44.7216833333333,0.196499038234601,0.0987395041821563,-0.538507700400269,2.45480055025891
398,-18.6884668471588,48.5018833333333,0.367118264467894,0.0987395041821563,0.950612128443354,0.221933558534267
399,-18.6967835138255,48.4226333333333,0.105312365042706,0.0987395041821563,1.32745424066609,0.781296746798618
400,-18.6974497616715,48.492399676189,0.148459107420747,0.0987395041821563,0.768634855157717,0.218845280535098
401,-18.6974497616715,48.5113669904777,0.465378596885615,0.0987395041821563,0.572173700737879,-0.0489896639663354
402,-18.69745,48.5018833333333,0.37982463994623,0.0987395041821563,0.957346035665893,0.264428424938665
403,-18.7057664282242,48.4131492101867,0.0783710819597009,0.0987395041821563,0.512605180117745,-0.481576133219238
404,-18.7057664282242,48.43211745648,-0.244289771465008,0.0987395041821563,1.59486509293182,0.702091296285081
405,-18.7057666666667,48.4226333333333,-0.10379293005949,0.0987395041821563,1.46320373566269,1.30254021402553
406,-18.7064331528412,48.5018833333333,0.11915127974154,0.0987395041821563,0.935940061737333,0.572343702487521
407,-18.7147498195079,48.4226333333333,-0.0669077559129711,0.0987395041821563,0.976983167183057,-0.0426212083847885
408,-19.0135335138255,44.3726333333333,0.118307355503344,0.0987395041821563,1.13080810658877,0.775813950229255
409,-19.0225164238766,44.3631312785894,0.249485422215798,0.0987395041821563,-0.11320729293245,-1.03141300552391
410,-19.0225164238766,44.3821353880773,0.883188187934313,0.0987395041821563,0.0638576793628087,-0.283294354707931
411,-19.0225166666667,44.3726333333333,-0.0166929321712442,0.0987395041821563,1.34092059174486,0.110488841080754
412,-19.0259001804921,48.2798833333333,-0.346593338578051,0.0987395041821563,1.56098335746115,-0.911866375906229
413,-19.0314998195079,44.3726333333333,0.18899546599213,0.0987395041821563,0.690535923795923,0.522381912589284
414,-19.0315501804921,44.8238,0.176270713833251,0.0987395041821563,1.25497767099426,0.253491481776855
415,-19.0348830903732,48.2703805712272,-0.15599602935772,0.0987395041821563,1.73197412280407,-0.388974525842642
416,-19.0348830903732,48.2893860954394,0.0144266841778865,0.0987395041821563,1.17005820453306,0.489105609912364
417,-19.0348833333333,48.2798833333333,-0.404283491786759,0.0987395041821563,0.641539624627526,1.2332801607154
418,-19.0405330902955,44.8142969145366,0.430075018859252,0.0987395041821563,1.07361314924459,0.573943928890371
419,-19.0405330902955,44.8333030854634,0.223996684446529,0.0987395041821563,1.23711628102163,0.632083443032936
420,-19.0405333333333,44.8238,-0.0907876153522591,0.0987395041821563,1.91058471697452,0.290814174521495
421,-19.0438664861745,48.2798833333333,-0.00594525446867557,0.0987395041821563,1.69434426871961,0.424969307928429
422,-19.0495164861745,44.8238,0.21777756216374,0.0987395041821563,1.50776523857732,-0.107601817944959
423,-19.0849335138255,48.1461166666667,-0.111547059499235,0.0987395041821563,0.919439855657728,1.43900716064166
424,-19.0939164228943,48.1366105203513,-0.0995729610898192,0.0987395041821563,0.595809538833644,0.856402583483103
425,-19.0939164228943,48.1556228129821,0.0532886902784387,0.0987395041821563,1.13574307448678,-0.695632205533148
426,-19.0939166666667,48.1461166666667,-0.217989211688636,0.0987395041821563,0.657353200216899,0.500755880092601
427,-19.1666335138255,48.1615833333333,0.0936538552101521,0.0987395041821563,1.53633771650837,0.629686686585269
428,-19.1756164217692,48.152072482753,-0.330186112059237,0.0987395041821563,1.35831713523974,-0.12663788512966
429,-19.1756164217692,48.1710941839136,0.155698044496835,0.0987395041821563,0.802797066885514,-0.587155910705811
430,-19.1756166666667,48.1615833333333,0.131078695921217,0.0987395041821563,1.03120313213733,-0.135639912746519
431,-19.1845998195079,48.1615833333333,0.0503643371773618,0.0987395041821563,1.10795007816878,0.111357902452824
432,-19.2432668471588,44.54245,0.343549685059885,0.0987395041821563,0.864789550643952,-0.768668913012401
433,-19.2522497540463,44.5329347150653,0.102937838270967,0.0987395041821563,0.886439747933722,-0.781442848547452
434,-19.2522497540463,44.5519652849347,0.331560914200252,0.0987395041821563,-0.694374431497862,-1.62124490620975
435,-19.25225,44.54245,0.114866360211707,0.0987395041821563,0.329540500957507,-0.432309703871849
436,-19.2612331528412,44.54245,0.293742255153994,0.0987395041821563,-1.62695435718438,-0.634478116930968
437,-19.2620335138255,48.11765,0.0400900433644142,0.0987395041821563,0.653898064072381,-0.658709974839825
438,-19.2710164204541,48.1081336259143,0.197457683616277,0.0987395041821563,0.542584794485635,-0.1942366769763
439,-19.2710164204541,48.1271663740856,0.0338925204568857,0.0987395041821563,1.27881056099888,0.212861631892477
440,-19.2710166666667,48.11765,0.154252702749372,0.0987395041821563,1.14328192166539,-0.663609621008703
441,-19.2799998195079,48.11765,0.198638043386244,0.0987395041821563,0.715528382874961,-0.568363188587879
442,-19.2977168471588,48.0502833333333,0.465881832249005,0.0987395041821563,1.01142386821378,0.21761515368216
443,-19.3066997532951,48.0407648848081,0.0441690454341647,0.0987395041821563,1.00915637514489,1.18158120621401
444,-19.3066997532951,48.0598017818586,-0.0502487515924686,0.0987395041821563,0.272565131645377,-0.285422284983753
445,-19.3067,48.0502833333333,0.0611783779789781,0.0987395041821563,0.909282893730108,0.717553508440066
446,-19.3156831528412,48.0502833333333,0.216020692978576,0.0987395041821563,1.01993038930696,0.97855869217254
447,-19.3568501804921,48.2400333333333,0.0142891515088619,0.0987395041821563,-0.257795733198353,-0.472231960602583
448,-19.3658330858122,48.2495552296826,-0.124328106201678,0.0987395041821563,0.16003731394023,0.212711104027169
449,-19.3658333333333,48.2400333333333,-0.117797154637057,0.0987395041821563,-0.0421587059288518,0.479296435078561
450,-19.3748164861746,48.2400333333333,-0.479294167211375,0.0987395041821563,-0.174592789239923,0.280401385991566
451,-19.4684835138255,44.5190333333333,0.135692003342276,0.0987395041821563,-0.329753600794222,-0.210820881076516
452,-19.4774664176029,44.5095048936037,0.14923119178816,0.0987395041821563,0.586094459210555,-0.715559537400087
453,-19.4774664176029,44.528561773063,-0.0626833833425604,0.0987395041821563,-0.00563663068039228,-0.962564151285254
454,-19.4774666666667,44.5190333333333,-0.0106364139462924,0.0987395041821563,-0.0987071322240367,-1.02204103211244
455,-19.4864498195079,44.5190333333333,0.126082649929885,0.0987395041821563,0.445598827787126,-0.899389268578623
456,-19.7806001804921,44.6531,-0.179036441620938,0.0987395041821563,-0.505533886326656,-0.0600165219022568
457,-19.7895830799451,44.6435530251517,-0.287504882424441,0.0987395041821563,-0.895663027382878,0.33565546115125
458,-19.7895833333333,44.6531,0.195197208370525,0.0987395041821563,0.00671765933883746,0.50736238691099
459,-19.7985664861745,44.6531,-0.386060675980727,0.0987395041821563,-1.1580160569663,0.188008750890433
460,-19.8546501804921,47.7548,-0.152766720810971,0.0987395041821563,-0.58329692466333,0.384845215042338
461,-19.8636330789167,47.7452485754474,-0.0495470175511187,0.0987395041821563,-0.795572707802443,-0.442119241405695
462,-19.8636330789167,47.7643514245526,0.118589093816399,0.0987395041821563,-0.398061825529275,0.115137469192652
463,-19.8636333333333,47.7548,-0.00197717469373521,0.0987395041821563,-0.122916438409507,0.565101274292757
464,-19.8726164861745,47.7548,-0.144196924292643,0.0987395041821563,-0.605586619362317,-0.414661200092083
465,-19.8827501804921,47.71845,0.00991683787777157,0.0987395041821563,0.0712537468702253,0.635709090488155
466,-19.8917330785262,47.7088968816398,-0.3274646616633,0.0987395041821563,-1.20036180029276,-0.150741560100865
467,-19.8917330785262,47.7280031183602,-0.0343054448982383,0.0987395041821563,1.13440576592855,1.17301262008039
468,-19.8917333333333,47.71845,-0.0254018159493025,0.0987395041821563,-1.10563801906983,0.438823528528919
469,-20.0405501804921,44.5693333333333,0.0864402608291923,0.0987395041821563,0.277498110227492,0.252785137509039
470,-20.0495330763305,44.5597706492012,-0.385492004934129,0.0987395041821563,-1.17107753400201,1.04120547969204
471,-20.0495330763305,44.5788960174654,-0.144600032416921,0.0987395041821563,-0.467445732808168,1.1828621068137
472,-20.0495333333333,44.5693333333333,-0.296406454538624,0.0987395041821563,0.00747022046071702,0.618049504169704
473,-20.0585164861745,44.5693333333333,-0.132605839849852,0.0987395041821563,-1.01140661280013,0.578022360324649
474,-20.2612835138255,48.1105666666667,0.24030117708798,0.0987395041821563,-1.90460620691521,1.64457465485823
475,-20.2702664065852,48.1009904475611,0.0699764223537231,0.0987395041821563,-1.97014643399651,1.29899976746568
476,-20.2702664065852,48.1201428857723,0.0757202364869804,0.0987395041821563,-1.6872222203461,0.820248959451849
477,-20.2702666666667,48.1105666666667,0.193729150794401,0.0987395041821563,-1.27027343714105,1.10498001249134
478,-20.2941835138255,44.72595,-0.0996993628239565,0.0987395041821563,0.579619355674979,0.510356564856533
479,-20.3031664061256,44.7355282519374,-0.253636708291335,0.0987395041821563,0.373950819020613,0.265509568343268
480,-20.3121498195079,44.72595,-0.154687441514613,0.0987395041821563,0.383627347071942,0.592135276583343
481,-20.3648835138255,47.5913333333333,-0.453662552774807,0.0987395041821563,-0.645470003993825,0.788858453781691
482,-20.3738664051372,47.5817506993546,-0.230868466539567,0.0987395041821563,-0.810496357205676,0.226425432340488
483,-20.3738664051372,47.6009159673121,-0.10861112295939,0.0987395041821563,-0.147714735036566,0.847324312977669
484,-20.3738666666667,47.5913333333333,-0.331719943206703,0.0987395041821563,0.0246333761371331,0.716619291746893
485,-20.3828498195079,47.5913333333333,-0.450021830310412,0.0987395041821563,-0.288709476162741,0.827637941387607
486,-20.4954830701016,48.0288597845501,0.0143729810862025,0.0987395041821563,-1.80696350775286,0.983883932906357
487,-20.4954830701016,48.0480402154499,-0.407095731056721,0.0987395041821563,-1.87817884624126,0.947187386205956
488,-20.4954833333333,48.03845,-0.0558064845165198,0.0987395041821563,-1.5133544248661,0.861096377510711
489,-20.5044664861745,48.03845,-0.306855628978945,0.0987395041821563,-2.04467787127073,0.512893421642278
490,-20.5180335138255,47.5096,-0.0185973645935263,0.0987395041821563,-0.887306480171994,-0.799157345929311
491,-20.5270164029931,47.5000078097738,-0.0548872955939082,0.0987395041821563,-1.10352316187369,0.560073111117318
492,-20.5270164029931,47.5191921902262,-0.362347438160113,0.0987395041821563,-1.49648824644445,-0.280271418015208
493,-20.5270166666667,47.5096,-0.194989762215949,0.0987395041821563,-1.34588993342176,-0.267689657743351
494,-20.5359998195079,47.5096,0.100521635578194,0.0987395041821563,-0.855756723937835,1.26661791093843
495,-20.5362501804921,44.5889333333333,-0.162749514331155,0.0987395041821563,0.753537724383215,-1.12794438517326
496,-20.5452330694045,44.5793400005926,-0.339095064165833,0.0987395041821563,0.818864174077386,-0.630370576629364
497,-20.5452330694045,44.598526666074,-0.254994779794136,0.0987395041821563,-0.920524444197296,-0.734628655851241
498,-20.5452333333333,44.5889333333333,0.0154810692736224,0.0987395041821563,0.398849032323545,-0.013735457005598
499,-20.5542164861745,44.5889333333333,-0.183756529383052,0.0987395041821563,-0.617964516184671,-0.484949838790078
500,-20.7308335138255,44.16345,-0.0149036773597268,0.0987395041821563,-1.00113907709825,-0.925200133637325
501,-20.7398164000068,44.1538443857288,0.0382494843592637,0.0987395041821563,-0.25537299305057,-0.649813789820566
502,-20.7398164000068,44.1730556142712,-0.325850111979661,0.0987395041821563,-0.38982884412417,-0.584661458958382
503,-20.7398166666667,44.16345,0.106135443612222,0.0987395041821563,-0.378946584472662,-1.12897094824666
504,-20.7487998195079,44.16345,-0.0369293237582515,0.0987395041821563,-0.525025479507917,-1.1003370959644
505,-20.850866398445,47.3815793539311,-0.174837902419265,0.0987395041821563,-0.570987359125937,1.32053423365845
506,-20.8508666666667,47.3719666666667,0.147148478258831,0.0987395041821563,-1.09729879638747,-0.584703304093413
507,-20.8598498195079,47.3719666666667,-0.0978124756098097,0.0987395041821563,-1.17792172919666,-1.12898448002291
508,-20.8643168471588,43.9471,-0.511072126960992,0.0987395041821563,-1.06733397109288,-0.0207181966841709
509,-20.8732997314626,43.9374858782612,-0.454616750698316,0.0987395041821563,-0.519760934652002,-0.00591025456173334
510,-20.8733,43.9471,-0.287949756055704,0.0987395041821563,-0.796988217463262,-0.719215859679563
511,-20.8822831528412,43.9471,-0.0686217194068951,0.0987395041821563,-1.06325850743504,-0.152011052186743
512,-20.9955168471588,47.3689166666667,-0.0707670109980122,0.0987395041821563,0.390134120119306,0.87783401492331
513,-21.0044997296139,47.3592941173492,0.0632001616949767,0.0987395041821563,-0.624578502750436,2.00319525857772
514,-21.0044997296139,47.3785392159841,-0.0681163835639165,0.0987395041821563,-0.42093653385076,-0.182162374350443
515,-21.0045,47.3689166666667,0.238229514511112,0.0987395041821563,-0.551070881656692,1.2267385645196
516,-21.0134831528412,47.3689166666667,-0.0101398641324127,0.0987395041821563,-1.48744571036753,-1.16708908175162
517,-21.1171335138255,47.4077666666667,0.00522848974738221,0.0987395041821563,-0.594751738955469,1.24511046924241
518,-21.1261163945641,47.398136247009,0.195281359391297,0.0987395041821563,-0.276331208643922,2.11119183375227
519,-21.1261163945641,47.4173970863244,-0.0795939330679005,0.0987395041821563,-0.946982996902876,0.509183464056853
520,-21.1261166666667,47.4077666666667,-0.220561190593966,0.0987395041821563,-1.43623813596089,-0.125526786606167
521,-21.1350998195079,47.4077666666667,-0.141618536190275,0.0987395041821563,-0.866336207194714,-0.0661787672103317
522,-21.1486668471588,47.4615333333333,0.309601859072201,0.0987395041821563,0.27250231032868,2.24192510484404
523,-21.1576497274519,47.451900863827,0.098856162402546,0.0987395041821563,-0.877223263597016,2.18065948287633
524,-21.1576497274519,47.4711658028397,0.0053902289162297,0.0987395041821563,-0.649244416729719,1.9497652438101
525,-21.15765,47.4615333333333,0.271486429896728,0.0987395041821563,-0.632335254049292,2.20543811351319
526,-21.1666331528412,47.4615333333333,0.132362895078798,0.0987395041821563,-0.181028187230251,2.71174592985779
527,-21.3333501804921,47.4326833333333,-0.0102356469699463,0.0987395041821563,-0.601680980389986,-0.804604889154342
528,-21.342333058172,47.4230387820903,-0.105115807931888,0.0987395041821563,0.0877538492946332,0.756634448422804
529,-21.342333058172,47.4423278845763,-0.0874327628015084,0.0987395041821563,-1.02543091808093,0.676782765300515
530,-21.3423333333333,47.4326833333333,-0.208049933522745,0.0987395041821563,-0.899074703953157,0.0990822583122179
531,-21.3513164861745,47.4326833333333,-0.0474426556101449,0.0987395041821563,-0.733779888556655,0.524178683760897
532,-21.7702835138255,47.3398,-0.0984425938534429,0.0987395041821563,-1.71220949070804,0.661936600480688
533,-21.7792663852965,47.3301263429951,-0.17274239949375,0.0987395041821563,-1.69103009664736,0.649027089942201
534,-21.7792663852965,47.3494736570049,-0.249995672817327,0.0987395041821563,-1.09324659290876,1.99905614832528
535,-21.7792666666667,47.3398,-0.113334372180805,0.0987395041821563,-1.48349456374977,0.407754700403279
536,-21.7882498195079,47.3398,-0.123524987647701,0.0987395041821563,-1.98043211445466,-0.793528514377235
537,-22.0730335138255,47.2887166666667,-0.0920021091791581,0.0987395041821563,-0.898483305942356,2.29636026117904
538,-22.0820163809723,47.2790224076587,-0.385500879696424,0.0987395041821563,-1.91221062781475,2.458217584568
539,-22.0820166666667,47.2887166666667,0.0580639762815269,0.0987395041821563,-1.1029099669454,2.05870576466967
540,-22.0909998195079,47.2887166666667,0.0320236568646295,0.0987395041821563,-1.4915928648139,2.26315465315706
541,-22.0946168471588,44.2038833333333,0.017435810842467,0.0987395041821563,-0.393934878306347,-0.799193892697473
542,-22.1035997139966,44.1941875918918,-0.214647523943049,0.0987395041821563,0.899093805780054,-0.336610090545373
543,-22.1035997139966,44.2135790747749,0.035932213463734,0.0987395041821563,-1.7814671838525,-1.17350626461772
544,-22.1036,44.2038833333333,0.0112705761510025,0.0987395041821563,0.371780875392328,-0.208801634924192
545,-22.1125831528412,44.2038833333333,0.0565536205134043,0.0987395041821563,0.0312914900074445,-1.23082098901183
546,-22.1582830465467,46.9426828388484,-0.136076197530961,0.0987395041821563,-0.45632658209537,-0.21708589732997
547,-22.1582833333333,46.9329833333333,0.352092988513974,0.0987395041821563,-0.994166123063113,-0.0392833911343796
548,-22.1672664861745,46.9329833333333,-0.0636147067007141,0.0987395041821563,-0.797382135926693,-0.0507791511194237
549,-22.1773668471588,47.2669833333333,0.216412206594184,0.0987395041821563,-2.35779483222687,-0.936641805232507
550,-22.1855835138255,43.4417333333333,-0.0662538068019703,0.0987395041821563,-0.328103569910837,-0.798541396568484
551,-22.1863497128111,47.2766847753577,-0.273905589991342,0.0987395041821563,-2.1755116813347,1.47189272287423
552,-22.18635,47.2669833333333,0.119878551172674,0.0987395041821563,-1.93429257197958,0.599344139349439
553,-22.19456637936,43.4320313237986,0.0766680446893862,0.0987395041821563,-1.5551888422891,0.591169250893694
554,-22.19456637936,43.451435342868,-0.0489143240249832,0.0987395041821563,-1.0139121802253,-0.100712908197813
555,-22.1945666666667,43.4417333333333,-0.303221793181859,0.0987395041821563,-1.93426489353999,-0.59102329131406
556,-22.1953331528412,47.2669833333333,0.201389146024449,0.0987395041821563,-1.84347813765721,1.22430537604032
557,-22.2035498195079,43.4417333333333,0.160721664165767,0.0987395041821563,-1.33734954971434,-0.821094176393169
558,-22.4369501804921,47.2524166666667,-0.331917444155612,0.0987395041821563,-0.251096681186637,0.75015416902335
559,-22.4459330424164,47.2426971668346,-0.310281772350487,0.0987395041821563,-0.565737530806737,0.259347362691453
560,-22.4459333333333,47.2524166666667,-0.303130640217578,0.0987395041821563,0.0720098763159796,0.780489816846282
561,-22.4549164861745,47.2524166666667,-0.314218740473345,0.0987395041821563,-0.465372577000048,0.260458623142127
562,-22.7612835138255,43.7634,-0.0690416702940303,0.0987395041821563,1.45191144103339,-0.618888517494435
563,-22.7702663710721,43.7536575617362,0.224824109861475,0.0987395041821563,0.58078761652881,-0.606917438936167
564,-22.7702663710721,43.7731424382638,0.0836791499178595,0.0987395041821563,0.677983587885783,1.21796045561422
565,-22.7702666666667,43.7634,0.128112249846412,0.0987395041821563,-0.439585885687415,0.365041807653113
566,-22.7792498195079,43.7634,-0.148571811980548,0.0987395041821563,1.12491754468938,-1.30154853368564
567,-22.7815501804921,44.7048666666667,0.225767100657802,0.0987395041821563,-0.459815323675142,1.43223847890001
568,-22.7838001804921,43.4585333333333,0.0253767216826631,0.0987395041821563,0.43295431038299,0.408143431474173
569,-22.7905330374457,44.695122781077,0.274093904734489,0.0987395041821563,0.617383707415487,0.0518507094599845
570,-22.7905330374457,44.7146105522563,-0.251354059680868,0.0987395041821563,-0.197669449964327,-0.556183423352825
571,-22.7905333333333,44.7048666666667,0.0821829826728442,0.0987395041821563,0.443745158889819,-0.583923704147492
572,-22.7927830374132,43.4487892869603,-0.0499488315228901,0.0987395041821563,-0.277734619180152,0.707109162751997
573,-22.7927830374132,43.4682773797064,-0.142339801884948,0.0987395041821563,0.169753771676251,0.900593722847976
574,-22.7927833333333,43.4585333333333,-0.175424154826471,0.0987395041821563,0.209256904935657,0.712388824446644
575,-22.7995164861745,44.7048666666667,-0.0998870860457433,0.0987395041821563,-0.149750942285215,-1.46077423086481
576,-22.8017664861745,43.4585333333333,-0.327152563481132,0.0987395041821563,0.432775536638002,0.516710477416282
577,-22.8333501804921,45.1715666666667,-0.200757569365901,0.0987395041821563,-0.610009223116865,-0.744700624495101
578,-22.8423330366964,45.1618190743276,-0.192662233866158,0.0987395041821563,-0.561290304939234,-0.888958295877927
579,-22.8423333333333,45.1715666666667,-0.212489269508125,0.0987395041821563,-0.455330782704311,-0.434173917909807
580,-22.8513164861745,45.1715666666667,-0.216953090202387,0.0987395041821563,-0.578774936635915,-0.756966620950344
581,-22.8513668471588,47.2450833333333,0.0434451429296763,0.0987395041821563,-1.06573580540579,0.97479709003447
582,-22.8603497031023,47.2353344492127,0.171624422813885,0.0987395041821563,-0.867810666426823,0.663553996981245
583,-22.8603497031023,47.2548322174539,-0.0425540379057619,0.0987395041821563,-1.21314755790989,0.871737481267774
584,-22.86035,47.2450833333333,0.107256558077057,0.0987395041821563,-0.945547537289883,1.17431089460998
585,-22.8693331528412,47.2450833333333,-0.0383338352855378,0.0987395041821563,-1.31591984325996,0.26306927840312
586,-22.9549668471588,43.64705,0.426941487141862,0.0987395041821563,-0.500161756693168,0.240450283540346
587,-22.9639497016015,43.637293662454,0.368696017422136,0.0987395041821563,-1.53018502035122,0.00105761792711234
588,-22.9639497016015,43.656806337546,0.0287690417725523,0.0987395041821563,-0.0648954627544218,-1.00871136998765
589,-22.96395,43.64705,0.619513055408532,0.0987395041821563,0.332977537185826,0.384430976605814
590,-22.9729331528412,43.64705,0.447699626875548,0.0987395041821563,-0.287488976708573,-0.0674729817389664
591,-23.1081335138255,43.7778333333333,-0.108466352628258,0.0987395041821563,-1.30387726576074,-0.15187344929998
592,-23.1171166666667,43.7778333333333,0.420287792230604,0.0987395041821563,-0.274015838921353,-0.452041289808621
593,-23.1260998195079,43.7778333333333,0.0854805307272086,0.0987395041821563,-0.0748709265259134,-0.122074010213405
594,-23.2743501804921,47.1025,0.0879584053050427,0.0987395041821563,-1.68901311055437,-0.832840627813641
595,-23.2833330302935,47.0927204111691,-0.0437224371345225,0.0987395041821563,-1.59188458323458,-1.1694519044786
596,-23.2833330302935,47.1122795888309,0.0163266083069196,0.0987395041821563,-2.01165950235514,0.170673603889641
597,-23.2833333333333,47.1025,-0.358576853359418,0.0987395041821563,-1.68445064308203,-0.918805596100025
598,-23.2923164861745,47.1025,0.0148402782434918,0.0987395041821563,-1.75199476138911,-0.491232563254583
599,-23.3137835138255,44.7261,0.140739211366578,0.0987395041821563,0.622748723745223,0.611787369324489
600,-23.3227663630522,44.735882488391,0.286098496640477,0.0987395041821563,0.862150157813182,-1.04750999793118
601,-23.3227666666667,44.7261,0.304527040558813,0.0987395041821563,0.369335538194975,-0.534168289745405
602,-23.3243501804921,46.9509666666667,-0.189576590812025,0.0987395041821563,-1.80635690184693,0.210693230316049
603,-23.3317498195078,44.7261,0.168056806125403,0.0987395041821563,0.327525651704303,-0.161379677834667
604,-23.3333330295649,46.9411834002219,-0.290306947158443,0.0987395041821563,-1.81502507823763,0.891534770734174
605,-23.3333330295649,46.9607499331114,-0.0404321303128296,0.0987395041821563,-1.94167214019115,0.610121788924653
606,-23.3333333333333,46.9509666666667,-0.128684472564476,0.0987395041821563,-1.51251727949192,-0.695447695128678
607,-23.3378501804921,47.2254833333333,-0.0730183971069403,0.0987395041821563,-1.5030834361788,-0.165725018563352
608,-23.3423164861745,46.9509666666667,-0.207747951720478,0.0987395041821563,-1.52864338202336,0.794320760114178
609,-23.346833029368,47.2156990721808,-0.120967898087439,0.0987395041821563,-1.39330891834854,-0.258160577911514
610,-23.346833029368,47.2352675944859,-0.0270745036776005,0.0987395041821563,-1.75056879191569,0.508341917096444
611,-23.3468333333333,47.2254833333333,0.090372393732667,0.0987395041821563,-1.5404371574176,0.685751209100848
612,-23.3558164861745,47.2254833333333,-0.298118280358935,0.0987395041821563,-0.921949042815538,0.30208615420112
613,-23.3964168471588,43.9558666666667,0.0960700801773148,0.0987395041821563,0.445170636043354,-0.0708938506117032
614,-23.4053996951804,43.9460780815638,-0.250824888061735,0.0987395041821563,1.29837872898416,-1.20881334494747
615,-23.4053996951804,43.9656552517695,0.468316049621335,0.0987395041821563,0.00101768961096446,-1.18163934617829
616,-23.4054,43.9558666666667,0.211081417035833,0.0987395041821563,0.259065318951663,-0.0190517430878176
617,-23.4143831528412,43.9558666666667,0.512947128380546,0.0987395041821563,0.249405812979995,-0.513383564491373
618,-23.5315501804921,46.9852833333333,-0.0362281897912007,0.0987395041821563,-2.30788007743266,0.0706741563322503
619,-23.5315501804921,47.2058666666667,-0.0683798416624729,0.0987395041821563,-1.98535602349563,-0.544308651838129
620,-23.5405330265396,46.9754847177042,-0.0217145457848375,0.0987395041821563,-2.41770050386205,-0.00505185959534225
621,-23.5405330265396,46.9950819489625,0.0985494492783911,0.0987395041821563,-2.23778713685758,-0.111906613589308
622,-23.5405330265396,47.1960680510375,-0.23318382650816,0.0987395041821563,-1.52027363109066,-0.206899831116893
623,-23.5405330265396,47.2156652822958,-0.465934322518523,0.0987395041821563,-2.01762928812839,-1.48334805310213
624,-23.5405333333333,46.9852833333333,0.0389076603747332,0.0987395041821563,-2.0630317609292,-0.801475947081093
625,-23.5405333333333,47.2058666666667,-0.315759300354697,0.0987395041821563,-2.03043999215581,-0.968835013040514
626,-23.5495164861745,46.9852833333333,0.0239156449673029,0.0987395041821563,-2.47884700335217,-0.567918018949637
627,-23.5495164861745,47.2058666666667,-0.199888451868228,0.0987395041821563,-1.43087936953649,0.184878444739034
628,-23.5653335138255,43.8627333333333,-0.163606656573612,0.0987395041821563,-1.64122102372249,0.0447549537451171
630,-23.5743166666667,43.8627333333333,-0.316248375450894,0.0987395041821563,-0.830657289034909,0.992572221369758
631,-23.5832998195079,43.8627333333333,-0.16555327083915,0.0987395041821563,-0.954622851682254,0.968036173843213
632,-23.6036168471588,44.1960666666667,-0.16658038692119,0.0987395041821563,0.914000509194304,-0.75043238849943
633,-23.6126,44.1960666666667,-0.0556820908718978,0.0987395041821563,0.588475136450419,0.925057219543036
634,-23.6215831528412,44.1960666666667,-0.0302165170017181,0.0987395041821563,0.692276480029292,1.75743298206979
635,-23.8108335138255,44.2586166666667,0.138504439047888,0.0987395041821563,-0.0217146835392914,0.957407005279371
636,-23.8198163557801,44.248797082017,0.109378477287384,0.0987395041821563,0.584141206583594,0.282326021687504
637,-23.8198163557801,44.2684362513163,-0.0113364678759248,0.0987395041821563,-0.317416584822305,0.71123729082206
638,-23.8287998195079,44.2586166666667,0.00447343631473031,0.0987395041821563,-0.391125556817894,0.63480642640904
639,-23.9099335138255,47.3763166666667,-0.0372250384616979,0.0987395041821563,-0.226454446894943,0.390346989788508
640,-23.9189163543236,47.3664895636545,0.126709758904898,0.0987395041821563,-1.3315084393064,0.344172518834529
641,-23.9189166666667,47.3763166666667,0.381959263363385,0.0987395041821563,-0.861144714189704,1.07185129598942
642,-23.9278998195079,47.3763166666667,-0.0778707794599576,0.0987395041821563,0.29685384181273,1.28059605282112
643,-23.9549496871267,44.0074868197861,-0.0332636213097674,0.0987395041821563,0.820748505860411,0.488701840039176
644,-23.9549496871267,44.0271465135473,-0.014185369486079,0.0987395041821563,-0.42542489727349,1.35993483358129
645,-24.0340830192948,47.2747858917709,-0.173434991414626,0.0987395041821563,-0.528516214865445,0.414638689054419
646,-24.0340833333333,47.26495,-0.0478973845255021,0.0987395041821563,-0.573847457317436,0.40251126946141
647,-24.0430664861745,47.26495,-0.544412876834533,0.0987395041821563,-1.18064196089965,1.12801513685051
648,-24.0675835138255,43.7783166666667,0.191108686323241,0.0987395041821563,0.377077981549886,0.10553200014127
649,-24.0765663520019,43.7684775188362,-0.0848161572055624,0.0987395041821563,0.892244253217293,0.0469183860349195
650,-24.0765663520019,43.7881558144972,0.0630651049100814,0.0987395041821563,-0.86649331838972,0.165798317223562
651,-24.0765666666667,43.7783166666667,-0.0600280540505306,0.0987395041821563,0.455062778148767,0.330642432185602
652,-24.0855498195079,43.7783166666667,-0.167468088794573,0.0987395041821563,-0.103612293994628,0.490592715891036
653,-24.4009168471588,43.8514833333333,0.193345428843567,0.0987395041821563,0.832536995024856,-0.976536023528032
654,-24.4098996804074,43.8416183741814,-0.119779945174666,0.0987395041821563,0.483095750001887,0.424586648482212
655,-24.4098996804074,43.8613482924853,0.0974702640139442,0.0987395041821563,0.399514424246956,-1.06189428943345
656,-24.4099,43.8514833333333,-0.155276967423757,0.0987395041821563,0.684098608326609,1.06643584888912
657,-24.4188831528412,43.8514833333333,-0.136194800684368,0.0987395041821563,0.77046233336631,1.08117866668749
658,-24.4527168471588,43.9009833333333,-0.104754479098154,0.0987395041821563,0.257178869860517,-1.99698385430144
659,-24.4571996797061,44.3614146734872,0.109919158155205,0.0987395041821563,-0.229618996179546,0.28488437448143
660,-24.4572,44.3712833333333,0.0748060687150041,0.0987395041821563,-0.321511227016557,0.104817922869261
661,-24.4616996796393,43.8911143209176,-0.110652111247733,0.0987395041821563,-0.0736569450706239,-1.90888815479044
662,-24.4616996796393,43.9108523457491,0.109724734271467,0.0987395041821563,-0.394857076996384,-0.688272799697859
663,-24.4617,43.9009833333333,-0.063297980642221,0.0987395041821563,-0.216161588305288,-0.279165075170888
664,-24.4689335138255,46.8939166666667,0.289433378799855,0.0987395041821563,-0.902000319284393,0.1236239309629
665,-24.4706831528412,43.9009833333333,-0.142526030543506,0.0987395041821563,-1.16804059917746,-1.5940994577595
666,-24.4779163460654,46.9037869503528,0.00482036791420051,0.0987395041821563,-1.04287667885626,-0.703014103997816
667,-24.4779166666667,46.8939166666667,0.410036995714199,0.0987395041821563,-1.43297422229447,0.381658351527577
668,-24.4868998195079,46.8939166666667,-0.0101749239114728,0.0987395041821563,-0.060280564391343,1.09215913463823
669,-24.5270501804921,44.0123666666667,-0.0327750531203047,0.0987395041821563,0.297816925985362,0.272109138487374
670,-24.5360330118693,44.0024918178595,-0.0497077710760412,0.0987395041821563,-0.146271054065394,0.657100338114924
671,-24.5360330118693,44.0222415154738,0.175740215735592,0.0987395041821563,-0.86576993488076,0.0523181430594217
672,-24.5360333333333,44.0123666666667,0.20777772537067,0.0987395041821563,0.202855469537061,-1.2445195787132
673,-24.5450164861745,44.0123666666667,-0.0688742702165105,0.0987395041821563,0.450163002128003,0.562853318926283
674,-24.5585835138255,46.3960333333333,0.130506064966016,0.0987395041821563,-0.151382124560021,0.640985444560863
675,-24.5675663447342,46.3861560015301,-0.13353467536189,0.0987395041821563,0.862424602854476,0.372503969398868
676,-24.5675666666667,46.3960333333333,-0.184481261748404,0.0987395041821563,-1.67831383413275,0.712862927121234
677,-24.5765498195079,46.3960333333333,-0.0331520027062342,0.0987395041821563,-0.107148524846085,-0.231069140734495
678,-24.5946168471588,44.5891,-0.0718443492452121,0.0987395041821563,-0.714772548039883,-1.53561613143236
679,-24.5991168471588,45.9776,0.252300183762218,0.0987395041821563,-0.712207493764877,0.685926252943891
680,-24.6035996775319,44.579219825668,0.18119255225043,0.0987395041821563,-0.570563697825787,-1.6110703151339
681,-24.6035996775319,44.598980174332,0.280482485516517,0.0987395041821563,-0.117800200584498,0.629261054117252
682,-24.6036,44.5891,0.117414737574034,0.0987395041821563,0.0263389073623412,0.182664555656771
683,-24.608099677465,45.9677194702912,-0.0954489857526381,0.0987395041821563,1.39056083936871,-1.42910988636515
684,-24.608099677465,45.9874805297088,0.289662355289226,0.0987395041821563,-0.396299326410429,-0.017389002208419
685,-24.6126335138255,46.7142833333333,-0.313772666220473,0.0987395041821563,-1.01706711678572,1.4604653732752
686,-24.6170831528412,45.9776,-0.0638454571920741,0.0987395041821563,1.01471649384529,0.323489320353625
687,-24.6216163439307,46.7241649310092,-0.148395321432778,0.0987395041821563,-1.60347959756517,1.64714738975164
688,-24.6216166666667,46.7142833333333,0.106501522891091,0.0987395041821563,-0.356328411523525,0.66277341450165
689,-24.6305998195079,46.7142833333333,-0.136360877908093,0.0987395041821563,-2.00977199912882,1.1442611830141
690,-24.6441668471588,46.1287,-0.128755817218543,0.0987395041821563,1.03229947800007,0.215379036843965
691,-24.6531496767949,46.1188159078032,-0.0882289504020763,0.0987395041821563,0.0417699644889165,-0.68900679288781
692,-24.6531496767949,46.1385840921968,-0.175303046679215,0.0987395041821563,-0.959277383812082,-1.29030557775307
693,-24.65315,46.1287,-0.0200387398978966,0.0987395041821563,-0.892944612971054,-0.039746739463768
694,-24.6621331528412,46.1287,0.0922450270281699,0.0987395041821563,-0.869237800528709,0.562407341442406
695,-24.6757001804921,44.4207833333333,-0.0579197636202716,0.0987395041821563,0.232195430546371,0.825069048745888
696,-24.6846830096589,44.4108967423604,-0.275195741877879,0.0987395041821563,0.971347153615701,1.88622951413357
697,-24.6846830096589,44.4306699243062,-0.0922893547053934,0.0987395041821563,-0.845997727905335,-1.01401798442826
698,-24.6846833333333,44.4207833333333,-0.217864807109923,0.0987395041821563,1.12245051672476,1.56925778063413
699,-24.6936664861745,44.4207833333333,-0.0443502021825503,0.0987395041821563,0.419356727320428,0.952534112166379
700,-24.7342501804921,44.0297,-0.0841180490457478,0.0987395041821563,-0.635201235860655,-0.639188747553134
701,-24.7432330087868,44.0395912419152,-0.144018841580523,0.0987395041821563,-0.569536995027458,-0.638881857048561
702,-24.7432333333333,44.0297,-0.0872990139493817,0.0987395041821563,-0.815692197780013,0.0151598010066041
703,-24.7522164861745,44.0297,-0.260265447344418,0.0987395041821563,-1.26876780237134,-1.06888936399315
704,-24.7590335138254,47.1782166666667,0.144755171025646,0.0987395041821563,0.215395546263344,1.85963901923249
705,-24.7680163417508,47.1683234516463,-0.184592529060565,0.0987395041821563,-1.6512239152448,-1.51584026439928
706,-24.7680166666667,47.1782166666667,0.101591015474655,0.0987395041821563,-0.336159545229202,0.253930349611775
707,-24.7769998195079,47.1782166666667,-0.228123498273381,0.0987395041821563,-0.663172251960466,-0.0108552802793484
708,-24.8423668471588,46.5792,-0.174884788603388,0.0987395041821563,0.233186767153608,0.15884968325363
709,-24.8491168471588,44.8333333333333,-0.019185421479922,0.0987395041821563,-0.760675419354271,0.492015588209381
710,-24.851349673841,46.5693001310938,-0.133901767000917,0.0987395041821563,-0.535990569042815,-0.456180992723832
711,-24.851349673841,46.5890998689062,-0.382938898126331,0.0987395041821563,-0.990148136720212,0.102007889300846
712,-24.85135,46.5792,0.0214678706350212,0.0987395041821563,-0.807977133800866,-0.59070331198722
713,-24.8513668471588,44.5321666666667,-0.0191194461092111,0.0987395041821563,1.81032901420183,0.683032903911581
714,-24.8580996737403,44.8234329241534,-0.104212570742601,0.0987395041821563,-0.238637667701628,0.78728890334031
715,-24.8580996737403,44.8432337425133,0.232270460706761,0.0987395041821563,0.264059731463134,0.041365416111356
716,-24.8581,44.8333333333333,-0.0409657931506094,0.0987395041821563,-0.703225811041349,0.400337602703727
717,-24.8603331528412,46.5792,-0.447308649085951,0.0987395041821563,0.00781554644302945,0.377640617549228
718,-24.8603496737067,44.5222660773518,-0.297461870983938,0.0987395041821563,1.89851689002792,1.19460211519678
719,-24.8603496737067,44.5420672559815,0.0278268140604209,0.0987395041821563,-0.726481007299149,-0.0235541348119883
720,-24.86035,44.5321666666667,0.0912405964257366,0.0987395041821563,0.57664527395485,-0.223482337628326
721,-24.8670831528412,44.8333333333333,-0.086631432698726,0.0987395041821563,-0.250472574379961,0.10618998726022
722,-24.8693331528412,44.5321666666667,-0.217291990277406,0.0987395041821563,0.873450297832222,-0.0457347881134261
723,-25.011249671451,44.8433206130706,-0.0743524642816852,0.0987395041821563,0.244080108016166,0.0821093474548536
724,-25.011249671451,44.863146053596,-0.117964174936741,0.0987395041821563,0.525239593273711,-0.233233218549592
725,-25.01125,44.8532333333333,-0.0912974130581862,0.0987395041821563,0.419234585466002,-0.184240671672234
726,-25.0157835138255,44.3855666666667,-0.212512132040471,0.0987395041821563,0.663949646435155,-0.271742522337061
727,-25.0202331528412,44.8532333333333,-0.0600871871907225,0.0987395041821563,0.442075134701189,-0.691359854831073
728,-25.0247663379154,44.3756528549823,-0.194288447343808,0.0987395041821563,0.160233547456943,-0.664953626693657
729,-25.0247663379154,44.395480478351,-0.189202265417074,0.0987395041821563,-0.168459254041052,-1.16434857751054
730,-25.0247666666667,44.3855666666667,-0.0617372517263923,0.0987395041821563,-1.41721622069617,-0.283315868892342
731,-25.0337498195079,44.3855666666667,-0.140704068206468,0.0987395041821563,-1.41487944545194,-0.297111273650603
732,-25.0383001804921,45.79,0.161609996333595,0.0987395041821563,1.1398682185145,-0.183111876165894
733,-25.0472830042449,45.7800843684175,-0.0275877967375344,0.0987395041821563,0.11074374053135,-0.152812059452962
734,-25.0472830042449,45.7999156315825,0.17586873466232,0.0987395041821563,0.207382199447201,-0.615565083743636
735,-25.0472833333333,45.79,0.0496061995997873,0.0987395041821563,-1.00206744149474,1.49607088263386
736,-25.0562664861745,45.79,0.101210888002652,0.0987395041821563,-0.387071170546961,0.297992945634009
737,-25.0743501804921,45.665,-0.0113017765135055,0.0987395041821563,0.0856105449471141,0.186477338733371
738,-25.0833330037049,45.6550814501126,-0.114154344729573,0.0987395041821563,0.0684881255490711,0.125630998503382
739,-25.0833330037049,45.6749185498874,-0.0314691222910018,0.0987395041821563,0.20988506416153,0.04427984093293
740,-25.0833333333333,45.665,0.176943123396532,0.0987395041821563,-0.212777733300327,0.205032631257736
741,-25.0923164861745,45.665,0.0600324084253705,0.0987395041821563,0.0399299268521479,0.485515223650276
742,-25.2522496678371,45.395067700697,-0.277488474388559,0.0987395041821563,-0.0482795714601716,0.0290935183756758
743,-25.2522496678371,45.414932299303,-0.317602322932666,0.0987395041821563,0.281893847482936,0.522878646932576
744,-25.25225,45.405,0.0777104400931847,0.0987395041821563,0.889822991552827,-0.124618821506921
745,-25.2612331528412,45.405,-0.157634185777992,0.0987395041821563,-0.0188369944854934,-0.200542908858412
746,-25.2702835138255,44.86,-0.0960439110617573,0.0987395041821563,-0.557966806308469,0.0473440004540231
747,-25.2792663340978,44.8500654900531,0.0203780081648271,0.0987395041821563,-0.142638562317751,0.314549157722511
748,-25.2792663340978,44.8699345099469,0.0699075309106648,0.0987395041821563,0.524303318435715,0.610801910460146
749,-25.2792666666667,44.86,-0.120153454189717,0.0987395041821563,0.362095764877456,-0.026946116011164
750,-25.2882498195079,44.86,-0.173426510154226,0.0987395041821563,0.0926000343092773,-0.00767633285730124
751,-25.4391829983574,45.4050523393282,0.0492855387019367,0.0987395041821563,0.311896876982106,0.328031906472186
752,-25.4391833333333,45.415,-0.238502894510345,0.0987395041821563,0.264318491339368,0.272812751710465
753,-25.4481664861745,45.415,-0.272472317259909,0.0987395041821563,0.215550088497447,0.204333660345415
