"intercept","temp","prec","sais_temp","sais_prec","pet","cwd","ndm"
1,0.729339107512452,-2.19461636705002,-0.162099306257191,0.885874854714083,0.434382597191307,0.451256372540753,0.468209374823482
1,0.795795510053323,-2.22347974997276,-0.154794161848469,0.928941401573889,0.55259949855949,0.519802799680338,0.468209374823482
1,0.629654503701147,-2.15544463308344,-0.152967875746289,0.885874854714083,0.326912686856596,0.382709945401169,0.468209374823482
1,0.662882704971582,-2.15544463308344,-0.149315303541928,0.885874854714083,0.36990065099048,0.403571901487129,0.468209374823482
1,0.629654503701147,-2.14719795224837,-0.138357586928844,0.842808307854278,0.301836374445163,0.355887430433505,0.468209374823482
1,-0.765929949657125,-1.79052900613159,-0.0707850011481642,0.326009745536611,-0.883914969581152,-0.389182429779369,0.194357941418159
1,-0.898842754738866,-1.75341894237378,-0.0653061428416226,0.282943198676805,-0.96630856750443,-0.43090634195129,-0.0794934919871643
1,-0.53333254076408,-1.84619410176831,-0.0744375733525253,0.369076292396416,-0.751368746835008,-0.305734605435527,0.194357941418159
1,-0.699473547116255,-1.82557739968064,-0.0726112872503447,0.326009745536611,-0.844509335791757,-0.356399355930003,0.194357941418159
1,-0.699473547116255,-1.82557739968064,-0.0726112872503447,0.326009745536611,-0.844509335791757,-0.356399355930003,0.194357941418159
1,1.19453392529854,-2.16987632454481,-0.152967875746289,0.196810104957194,1.19025429987878,0.540664755766298,0.468209374823482
1,1.26099032783941,-2.19049302663248,-0.140183873031025,0.196810104957194,1.31563586193594,0.60325062402418,0.468209374823482
1,1.22776212656898,-2.17399966496234,-0.145662731337566,0.153743558097389,1.25115391573511,0.552585873529704,0.468209374823482
1,1.19453392529854,-2.23172643080783,-0.145662731337566,0.196810104957194,1.18667196953429,0.537684476325447,0.468209374823482
1,1.19453392529854,-2.19255469684125,-0.138357586928844,0.196810104957194,1.13651934471142,0.507881681916932,0.468209374823482
1,0.995164717675933,-2.0626694736889,0.175763622646209,0.239876651817,0.824856604740758,0.275419885530515,0.468209374823482
1,1.0616211202168,-2.07710116515027,0.201331628076737,0.282943198676805,0.917997193697508,0.314163518261584,0.468209374823482
1,0.895480113864628,-2.00906604826094,0.157500761624404,0.196810104957194,0.692310381994614,0.188991781745821,0.468209374823482
1,0.895480113864628,-2.03174442055739,0.161153333828765,0.239876651817,0.703057373028086,0.215814296713485,0.468209374823482
1,1.09484932148724,-2.11627289911685,0.199505341974556,0.239876651817,0.971732148864864,0.338005753788396,0.468209374823482
1,1.26099032783941,-2.13482793099576,0.595809426147734,0.713608667274861,1.30847120124696,0.588349226819922,0.468209374823482
1,1.19453392529854,-2.09977953744671,0.566588848512845,0.713608667274861,1.17950730884531,0.528743638002892,0.468209374823482
1,1.22776212656898,-2.09771786723795,0.570241420717207,0.670542120415055,1.24757158539062,0.549605594088853,0.468209374823482
1,1.22776212656898,-2.08740951619411,0.572067706819387,0.670542120415055,1.22607760332368,0.54364503520715,0.468209374823482
1,1.19453392529854,-2.08328617577657,0.557457418001943,0.670542120415055,1.17950730884531,0.516822520239486,0.468209374823482
1,1.19453392529854,-2.11008788849055,1.16013183172152,0.239876651817,1.17592497850082,0.0548792069075038,0.194357941418159
1,1.16130572402811,-2.10184120765548,1.11447467916701,0.282943198676805,1.08994905023305,0.0518989274666523,0.194357941418159
1,1.12807752275767,-2.03999110139246,1.10899582086047,0.282943198676805,1.04337875575467,0.0399778097032463,0.194357941418159
1,0.961936516405498,-2.05236112264506,1.01402894354708,0.326009745536611,0.789033301295855,0.00719473585387986,0.194357941418159
1,1.0616211202168,-2.03380609076615,1.07064381271468,0.326009745536611,0.943073506108941,0.0250764124989888,0.194357941418159
1,1.0616211202168,-1.95340095262422,0.458837968484193,0.498275932975833,0.925161854386489,0.340986033229248,0.468209374823482
1,1.36067493165072,-2.12039623953439,0.835052905533385,0.670542120415055,1.49475237916046,0.573447829615665,0.468209374823482
1,1.0616211202168,-1.96577097387683,0.466143112892916,0.541342479835639,0.928744184730979,0.338005753788396,0.468209374823482
1,0.995164717675933,-1.93690759095408,0.435096249155846,0.498275932975833,0.853515247496681,0.299262121057327,0.468209374823482
1,1.0616211202168,-1.96989431429436,0.453359110177652,0.498275932975833,0.928744184730979,0.338005753788396,0.468209374823482
1,1.32744673038028,-2.05029945243629,0.829574047226844,0.670542120415055,1.4410174239931,0.534704196884595,0.468209374823482
1,1.19453392529854,-2.02968275034862,0.760175175343983,0.670542120415055,1.19741896056776,0.439335254777347,0.468209374823482
1,1.12807752275767,-1.9863876759645,0.738259742117817,0.670542120415055,1.0684550681661,0.376749386519466,0.468209374823482
1,0.995164717675933,-1.96577097387683,0.435096249155846,0.498275932975833,0.821274274396268,0.284360723853069,0.468209374823482
1,1.22776212656898,-2.03586776097492,0.771132891957066,0.670542120415055,1.21174828194572,0.436354975336496,0.468209374823482
1,-0.633017144575385,-1.12254785849093,0.0661864565153766,-0.233855363640861,-0.794356710968892,-0.606742828961529,-0.0794934919871643
1,-0.633017144575385,-1.16790460308382,0.0607075982088349,-0.233855363640861,-0.794356710968892,-0.594821711198123,-0.0794934919871643
1,-0.234278729330164,-1.23387804976438,0.0789704592306404,-0.276921910500667,-0.522099604787624,-0.532235842940241,-0.0794934919871643
1,-0.46687613822321,-1.14934957120491,0.0716653148219182,-0.276921910500667,-0.694051461323162,-0.579920313993865,-0.0794934919871643
1,-0.33396333314147,-1.20295299663286,0.0771441731284598,-0.233855363640861,-0.58299922064396,-0.544156960703647,-0.0794934919871643
1,-0.59978894330495,-1.07306777348051,0.0753178870262793,-0.233855363640861,-0.765698068212969,-0.591841431757271,-0.0794934919871643
1,-0.765929949657125,-1.02358768847009,0.0698390287197377,-0.190788816781056,-0.873167978547681,-0.618663946724935,-0.0794934919871643
1,-0.40041973568234,-1.12873286911723,0.0826230314350015,-0.233855363640861,-0.633151845466825,-0.559058357907905,-0.0794934919871643
1,-0.53333254076408,-1.12667119890847,0.0881018897415431,-0.233855363640861,-0.729874764768065,-0.585880872875568,-0.0794934919871643
1,-0.832386352197996,-1.00090931617365,0.0716653148219182,-0.233855363640861,-0.916155942681565,-0.642506182251747,-0.0794934919871643
1,-1.4969503776067,-0.864839082394998,0.0771441731284598,-0.104655723061445,-1.23498334334121,-0.705092050509628,-0.0794934919871643
1,-1.46372217633626,-0.866900752603765,0.0807967453328209,-0.104655723061445,-1.22065402196325,-0.699131491627925,-0.0794934919871643
1,-1.56340678014757,-0.883394114273905,0.084449317537182,-0.14772226992125,-1.26364198609713,-0.722973727154737,-0.0794934919871643
1,-1.4969503776067,-0.84628405051609,0.0789704592306404,-0.104655723061445,-1.23140101299672,-0.705092050509628,-0.0794934919871643
1,-1.53017857887713,-0.835975699472253,0.0807967453328209,-0.104655723061445,-1.24573033437468,-0.711052609391331,-0.0794934919871643
1,1.12807752275767,-1.95133928241546,1.05603352389723,0.498275932975833,1.0326317647212,0.153228428455603,0.194357941418159
1,0.829023711323758,-1.84000909114201,0.855142052657371,0.541342479835639,0.588422802004393,0.0757411629934643,0.194357941418159
1,0.795795510053323,-1.88124249531736,0.855142052657371,0.541342479835639,0.563346489592961,0.0727608835526128,0.194357941418159
1,0.995164717675933,-1.92659923991025,0.992113510320912,0.498275932975833,0.857097577841172,0.111504516283682,0.194357941418159
1,0.729339107512452,-1.81733071884557,0.800353469591955,0.541342479835639,0.470205900636211,0.0548792069075038,0.194357941418159
1,0.995164717675933,-1.91629088886641,0.953761502175121,0.498275932975833,0.835603595774229,0.123425634047088,0.194357941418159
1,0.762567308782888,-1.79465234654913,0.81861633061376,0.541342479835639,0.509611534425605,0.0608397657892068,0.194357941418159
1,0.829023711323758,-1.85444078260338,0.867926055372635,0.541342479835639,0.595587462693374,0.0787214424343158,0.194357941418159
1,0.862251912594193,-1.86474913364722,0.875231199781357,0.541342479835639,0.627828435793788,0.0817017218751673,0.194357941418159
1,-0.500104339493645,-0.945244220536929,0.137411614500418,-0.492254644799695,-0.694051461323162,-0.702111771068777,-0.0794934919871643
1,0.995164717675933,-2.24821979247797,0.924540924540232,0.541342479835639,0.846350586807701,0.212834017272633,0.194357941418159
1,-0.500104339493645,-0.920504178031719,0.131932756193876,-0.449188097939889,-0.708380782701123,-0.696151212187074,-0.0794934919871643
1,-0.267506930600599,-1.00297098638242,0.148369331113501,-0.5353211916595,-0.543593586854566,-0.672308976660262,-0.0794934919871643
1,-0.40041973568234,-0.930812529075557,0.137411614500418,-0.492254644799695,-0.640316506155806,-0.687210373864519,-0.0794934919871643
1,1.0616211202168,-2.25852814352181,0.942803785562037,0.541342479835639,0.943073506108941,0.245617091122,0.194357941418159
1,1.0616211202168,-2.29357653707086,0.95193521607294,0.541342479835639,0.946655836453431,0.254557929444554,0.194357941418159
1,1.16130572402811,-2.31213156894976,0.982982079810009,0.541342479835639,1.07920205919958,0.281380444412218,0.194357941418159
1,-0.500104339493645,-0.901949146152812,0.137411614500418,-0.492254644799695,-0.694051461323162,-0.702111771068777,-0.0794934919871643
1,1.16130572402811,-2.3162549093673,0.981155793707829,0.541342479835639,1.10427837161101,0.302242400498178,0.194357941418159
1,-1.29758116998409,-0.891640795108975,0.0716653148219182,0.498275932975833,-1.14900741507344,-0.442827459714696,-0.0794934919871643
1,-1.19789656617278,-0.943182550328161,0.0789704592306404,0.541342479835639,-1.10243712059506,-0.418985224187884,-0.0794934919871643
1,-1.4969503776067,-0.926689188658022,0.064360170413196,0.455209386116028,-1.2385656736857,-0.481571092445766,-0.0794934919871643
1,-1.46372217633626,-0.910195826987882,0.064360170413196,0.498275932975833,-1.21707169161876,-0.463689415800657,-0.0794934919871643
1,-1.33080937125452,-0.930812529075557,0.0734916009240987,0.498275932975833,-1.15617207576242,-0.439847180273845,-0.0794934919871643
1,-0.33396333314147,-1.68332215527568,0.265251641653056,0.842808307854278,-0.593746211677431,-0.0881742062533681,0.194357941418159
1,-0.765929949657125,-1.51838853857429,0.137411614500418,0.885874854714083,-0.86958564820319,-0.180562868919765,0.194357941418159
1,-0.267506930600599,-1.64208875110033,0.268904213857417,0.842808307854278,-0.561505238577018,-0.0732728090491106,0.194357941418159
1,-0.998527358550171,-1.44416841105866,0.0917544619459042,0.842808307854278,-1.01287886198281,-0.243148737177646,0.194357941418159
1,-0.73270174838669,-1.51220352794798,0.141064186704779,0.842808307854278,-0.86958564820319,-0.186523427801468,0.194357941418159
1,-0.699473547116255,-1.48334014502524,0.148369331113501,0.842808307854278,-0.848091666136248,-0.180562868919765,0.194357941418159
1,1.02839291894637,-2.10596454807302,0.787569466876691,0.713608667274861,0.871426899219133,0.343966312670099,0.194357941418159
1,1.09484932148724,-2.12658125016069,0.81861633061376,0.713608667274861,0.978896809553845,0.36482826875606,0.194357941418159
1,1.09484932148724,-2.08947118640288,0.814963758409399,0.713608667274861,1.00039079162079,0.376749386519466,0.194357941418159
1,-2.02860159793366,-0.671042082770855,0.0716653148219182,0.282943198676805,-1.42126452125471,-0.633565343929192,-0.0794934919871643
1,-1.53017857887713,-0.617438657342901,0.0680127426175571,0.326009745536611,-1.24214800403019,-0.55011751958535,-0.0794934919871643
1,-1.89568879285192,-0.652487050891948,0.0734916009240987,0.282943198676805,-1.37827655712082,-0.615683667284083,-0.0794934919871643
1,-1.76277598777018,-0.65867206151825,0.0698390287197377,0.282943198676805,-1.32812393229796,-0.585880872875568,-0.0794934919871643
1,-1.33080937125452,-0.468998402311643,0.0899281758437236,0.282943198676805,-1.14542508472895,-0.55011751958535,-0.0794934919871643
1,-1.79600418904061,-0.588575274420156,0.0807967453328209,0.239876651817,-1.34245325367592,-0.627604785047489,-0.0794934919871643
1,-1.23112476744322,-0.425703327927526,0.0935807480480847,0.282943198676805,-1.10960178128405,-0.541176681262796,-0.0794934919871643
1,-1.43049397506583,-0.47930675335548,0.0935807480480847,0.282943198676805,-1.19199537920732,-0.573959755112162,-0.0794934919871643
1,-1.69631958522931,-0.491676774608085,0.0954070341502653,0.153743558097389,-1.29946528954204,-0.645486461692598,-0.0794934919871643
1,-1.56340678014757,-0.450443370432736,0.100885892456807,0.153743558097389,-1.24931266471917,-0.636545623370044,-0.0794934919871643
1,-1.79600418904061,-0.514355146904527,0.0990596063546263,0.153743558097389,-1.34603558402041,-0.672308976660262,-0.0794934919871643
1,-1.4969503776067,-0.462813391685341,0.108191036865529,0.153743558097389,-1.22781868265223,-0.630585064488341,-0.0794934919871643
1,-1.06498376109104,-1.09368447556819,-0.0141701319805673,0.842808307854278,-1.03437284404975,-0.255069854941052,0.194357941418159
1,-1.4969503776067,-1.02358768847009,-0.00138612926530354,0.756675214134666,-1.23498334334121,-0.377261312015963,-0.0794934919871643
1,-1.16466836490235,-1.06688276285421,-0.0123438458783868,0.842808307854278,-1.09169012956159,-0.287852928790419,0.194357941418159
1,-1.16466836490235,-1.06688276285421,-0.0214752763892895,0.842808307854278,-1.0881077992171,-0.281892369908716,0.194357941418159
1,-2.02860159793366,-0.51229347669576,0.108191036865529,0.0676104643777775,-1.42126452125471,-0.719993447713886,-0.0794934919871643
1,-2.09505800047453,-0.5287868383659,0.106364750763349,0.110677011237583,-1.44275850332165,-0.719993447713886,-0.0794934919871643
1,-2.09505800047453,-0.52054015753083,0.106364750763349,0.0676104643777775,-1.43917617297716,-0.725954006595589,-0.0794934919871643
1,-2.12828620174496,-0.526725168157132,0.106364750763349,0.0676104643777775,-1.4606701550441,-0.731914565477292,-0.0794934919871643
1,-2.12828620174496,-0.800927305923206,0.0351395927783073,0.498275932975833,-1.4606701550441,-0.559058357907905,-0.0794934919871643
1,-1.86246059158148,-0.784433944253066,0.0278344483695852,0.541342479835639,-1.37111189643184,-0.514354166295132,-0.0794934919871643
1,-1.89568879285192,-0.811235656967043,0.0223555900630435,0.541342479835639,-1.37827655712082,-0.511373886854281,-0.0794934919871643
1,-1.66309138395887,-0.734953859242647,0.0150504456543214,0.541342479835639,-1.29946528954204,-0.478590813004914,-0.0794934919871643
1,-2.2611990068267,-0.468998402311643,0.164805906033126,-0.190788816781056,-1.5000757888335,-0.869007419756461,-0.0794934919871643
1,-1.79600418904061,-0.343236519576827,0.188547625361473,-0.190788816781056,-1.33887092333143,-0.839204625347946,-0.0794934919871643
1,-2.09505800047453,-0.446320030015201,0.168458478237487,-0.190788816781056,-1.44634083366614,-0.854106022552203,-0.0794934919871643
1,-2.36088361063801,-0.464875061894108,0.168458478237487,-0.190788816781056,-1.52873443158942,-0.883908816960718,-0.0794934919871643
1,-0.034909521707554,-0.277263072896268,0.873404913679177,-1.09518630083697,-0.328653766185143,-0.961396082422857,-1.17489922560846
1,0.330600692267232,-0.724645508198809,0.904451777416246,-1.78425105059386,0.00450295585246195,-0.979277759067966,-1.44875065901378
1,-0.566560742034515,-0.244276349555989,0.626856289884803,-0.965986660257556,-0.737039425457046,-0.96735664130456,-0.901047792203134
1,-0.46687613822321,-0.207166285798174,0.663382011928414,-0.965986660257556,-0.672557479256219,-0.964376361863709,-0.901047792203134
1,0.297372490996797,-0.633932019013041,0.913583207927149,-1.74118450373406,-0.0241556869034611,-0.985238317949669,-1.44875065901378
1,0.0315468808333161,-0.547341870244807,0.853315766555191,-1.69811795687425,-0.260589489639826,-0.991198876831372,-1.44875065901378
1,-0.765929949657125,-0.200981275171872,0.55015227359322,-0.879853566537945,-0.858838657169719,-0.964376361863709,-0.901047792203134
1,-0.034909521707554,-0.485491763981783,0.844184336044288,-1.65505141001444,-0.339400757218614,-0.997159435713075,-1.44875065901378
1,0.197687887185491,-0.508170136278225,0.937324927255496,-1.56891831629483,-0.124460936549192,-0.985238317949669,-1.44875065901378
1,0.264144289726362,-0.448381700223968,1.00124494083181,-1.43971867571542,-0.042067338625913,-0.976297479627115,-1.44875065901378
1,0.596426302430712,-0.772063923000461,1.05238095169287,-1.74118450373406,0.348406668923538,-0.940534126336897,-1.17489922560846
1,0.363828893537667,-0.656610391309483,0.999418654729634,-1.61198486315464,0.0439085896418561,-0.973317200186263,-1.44875065901378
1,0.230916088455926,-0.388593264169712,1.00124494083181,-1.39665212885561,-0.0778906420708167,-0.979277759067966,-1.44875065901378
1,0.0980032833741862,-0.378284913125874,0.962892932686023,-1.35358558199581,-0.214019195161451,-0.985238317949669,-1.44875065901378
1,-0.034909521707554,-0.302003115401478,0.91906206623369,-1.310519035136,-0.339400757218614,-0.988218597390521,-1.44875065901378
1,-1.13144016363191,-0.147377849743917,0.424138532542763,-0.5353211916595,-1.05944915646118,-0.922652449691788,-0.627196358797811
1,-0.633017144575385,-0.11232945619487,0.617724859373901,-0.621454285379112,-0.76928039855746,-0.916691890810085,-0.627196358797811
1,-0.998527358550171,-0.124699477447475,0.48257968781254,-0.578387738519306,-0.980637888882392,-0.925632729132639,-0.627196358797811
1,-0.998527358550171,-0.106144445568568,0.48257968781254,-0.5353211916595,-0.977055558537901,-0.919672170250936,-0.627196358797811
1,-0.59978894330495,-0.132946158282545,0.760175175343983,-0.965986660257556,-0.751368746835008,-0.991198876831372,-1.17489922560846
1,-0.59978894330495,-0.102021105151033,0.771132891957066,-0.965986660257556,-0.740621755801537,-0.991198876831372,-1.17489922560846
1,-0.500104339493645,-0.132946158282545,0.833226619431205,-1.05211975397717,-0.686886800634181,-0.991198876831372,-1.44875065901378
1,-0.66624534584582,-0.12057613702994,0.732780883811275,-0.965986660257556,-0.794356710968892,-0.991198876831372,-1.17489922560846
1,-0.832386352197996,-0.062849371184451,0.619551145476081,-0.664520832238917,-0.883914969581152,-0.952455244100303,-0.901047792203134
1,-0.865614553468431,-0.0731577222282884,0.588504281739012,-0.621454285379112,-0.912573612337075,-0.943514405777748,-0.901047792203134
1,-0.765929949657125,-0.0484176797230787,0.65059800921315,-0.664520832238917,-0.855256326825229,-0.952455244100303,-0.901047792203134
1,-0.832386352197996,-0.0607877009756835,0.619551145476081,-0.664520832238917,-0.891079630270132,-0.952455244100303,-0.901047792203134
1,1.56004413927333,-1.81114570821927,0.225073347405084,1.70413924505039,1.96045532394421,1.39004439640898,0.468209374823482
1,-0.367191534411905,-0.16180954120529,1.25692499513709,-1.48278522257522,-0.600910872366412,-1.00013971515393,-1.44875065901378
1,1.56004413927333,-1.79465234654913,0.223247061302903,1.70413924505039,1.96761998463319,1.39302467584983,0.468209374823482
1,1.49358773673246,-1.76785063383515,0.226899633507264,1.70413924505039,1.82432677085357,1.32745852815109,0.468209374823482
1,1.56004413927333,-1.77815898487899,0.225073347405084,1.70413924505039,1.93896134187727,1.37812327864557,0.468209374823482
1,-0.267506930600599,-0.209227956006941,1.36467587516574,-1.56891831629483,-0.511352613754152,-1.00013971515393,-1.44875065901378
1,-0.101365924248424,-0.190672924128034,1.5655673464056,-1.65505141001444,-0.371641730319028,-0.994179156272224,-1.44875065901378
1,-0.167822326789294,-0.236029668720919,1.46329532468349,-1.61198486315464,-0.436123676519855,-0.994179156272224,-1.44875065901378
1,1.49358773673246,-1.62353371922143,0.254293925039973,1.66107269819058,1.82432677085357,1.29467545430173,0.468209374823482
1,1.52681593800289,-1.56580695337594,0.257946497244334,1.66107269819058,1.87447939567644,1.30957685150598,0.468209374823482
1,1.49358773673246,-1.59467033629868,0.256120211142153,1.66107269819058,1.83507376188704,1.30361629262428,0.468209374823482
1,1.49358773673246,-1.76785063383515,0.225073347405084,1.70413924505039,1.82432677085357,1.32745852815109,0.468209374823482
1,-0.0681377229779891,-0.229844658094616,1.56374106030342,-1.65505141001444,-0.360894739285557,-0.994179156272224,-1.44875065901378
1,0.131231484644621,-0.266954721852431,1.77924282036073,-1.61198486315464,-0.181778222061038,-0.979277759067966,-1.44875065901378
1,0.0980032833741862,-0.248399689973523,1.73541195390839,-1.56891831629483,-0.214019195161451,-0.982258038508818,-1.44875065901378
1,0.197687887185491,-0.30818812602778,1.91621427802427,-1.69811795687425,-0.102966954482249,-0.976297479627115,-1.44875065901378
1,0.0980032833741862,-0.225721317677081,1.76463253154328,-1.61198486315464,-0.19968987378349,-0.979277759067966,-1.44875065901378
1,-0.201050528059729,-0.409209966257386,1.46512161078567,-1.95651723803308,-0.457617658586797,-1.01206083291733,-1.44875065901378
1,0.0647750821037512,-0.198919604963104,1.73358566780621,-1.61198486315464,-0.217601525505941,-0.985238317949669,-1.44875065901378
1,-0.0681377229779891,-0.477245083146713,1.57287249081432,-1.99958378489289,-0.353730078596576,-1.00908055347648,-1.44875065901378
1,-0.167822326789294,-0.429826668345061,1.47790561350094,-1.99958378489289,-0.454035328242306,-1.01504111235818,-1.44875065901378
1,-0.234278729330164,-0.398901615213549,1.45964275247913,-1.95651723803308,-0.48985863168721,-1.01504111235818,-1.44875065901378
1,-0.566560742034515,-0.240153009138454,1.24779356462619,-1.74118450373406,-0.726292434423575,-1.01802139179904,-1.44875065901378
1,-0.234278729330164,-0.29994144519271,1.51991019385109,-1.87038414431347,-0.48627630134272,-1.01206083291733,-1.44875065901378
1,-0.201050528059729,-0.337051508950525,1.55460962979252,-1.87038414431347,-0.464782319275778,-1.01206083291733,-1.44875065901378
1,-0.034909521707554,-0.425703327927526,1.73175938170403,-1.95651723803308,-0.314324444807182,-1.00610027403563,-1.44875065901378
1,-0.40041973568234,-0.0257393074266365,0.804006041796316,-0.664520832238917,-0.615240193744373,-0.922652449691788,-0.901047792203134
1,-0.40041973568234,-0.0257393074266365,0.794874611285413,-0.621454285379112,-0.611657863399883,-0.913711611369233,-0.901047792203134
1,-0.500104339493645,-0.062849371184451,0.769306605854886,-0.621454285379112,-0.6797221399452,-0.928613008573491,-0.901047792203134
1,-0.46687613822321,-0.0195542968003341,0.763827747548344,-0.621454285379112,-0.668975148911729,-0.916691890810085,-0.901047792203134
1,0.0315468808333161,-0.456628381059038,1.7628062454411,-2.04265033175269,-0.282083471706768,-1.01206083291733,-1.44875065901378
1,-0.53333254076408,-0.0360476584704739,0.730954597709094,-0.621454285379112,-0.704798452356633,-0.916691890810085,-0.901047792203134
1,-0.134594125518859,-0.427764998136294,1.66236050982117,-1.99958378489289,-0.403882703419441,-1.01504111235818,-1.44875065901378
1,-0.134594125518859,-0.433950008762596,1.64592393490155,-1.99958378489289,-0.403882703419441,-1.01504111235818,-1.44875065901378
1,-0.201050528059729,-0.425703327927526,1.59296163793831,-1.99958378489289,-0.464782319275778,-1.02100167123989,-1.44875065901378
1,-0.433647936952775,-0.285509753731338,1.42859588874206,-1.82731759745367,-0.647481166844787,-1.02100167123989,-1.44875065901378
1,1.52681593800289,-1.74723393174748,0.166632192135306,1.70413924505039,1.88164405636542,1.36918244032301,0.468209374823482
1,-0.66624534584582,-0.182426243292964,1.23866213411529,-1.69811795687425,-0.801521371657873,-1.02100167123989,-1.44875065901378
1,-0.367191534411905,-0.277263072896268,1.50712619113583,-1.87038414431347,-0.590163881332941,-1.01802139179904,-1.44875065901378
1,-0.53333254076408,-0.240153009138454,1.3591970168592,-1.78425105059386,-0.708380782701123,-1.02100167123989,-1.44875065901378
1,1.46035953546202,-1.77403564446145,0.168458478237487,1.70413924505039,1.73118618189682,1.29765573374258,0.468209374823482
1,1.49358773673246,-1.75960395300008,0.166632192135306,1.70413924505039,1.78133880671969,1.32447824871024,0.468209374823482
1,-0.46687613822321,-0.231906328303384,1.4249433165377,-1.82731759745367,-0.658228157878258,-1.02100167123989,-1.44875065901378
1,-0.699473547116255,-0.027800977635404,0.436922535258027,-0.104655723061445,-0.805103702002363,-0.764697639326658,-0.353344925392487
1,-0.167822326789294,-0.415394976883689,1.70253880406914,-1.99958378489289,-0.428959015830874,-1.02100167123989,-1.44875065901378
1,-0.898842754738866,0.0299257882100852,0.541020843082318,-0.449188097939889,-0.919738273026055,-0.904770773046679,-0.627196358797811
1,-0.73270174838669,-0.0339859882617064,0.422312246440583,-0.104655723061445,-0.823015353724815,-0.758737080444955,-0.353344925392487
1,-0.765929949657125,-0.00924594575649672,0.422312246440583,-0.14772226992125,-0.858838657169719,-0.782579315971767,-0.627196358797811
1,-0.73270174838669,-0.0442943393055437,0.418659674236221,-0.104655723061445,-0.837344675102777,-0.764697639326658,-0.353344925392487
1,-0.0681377229779891,-0.421579987509991,1.77376396205418,-2.04265033175269,-0.371641730319028,-1.01504111235818,-1.44875065901378
1,-0.201050528059729,-0.407148296048619,1.65505536541245,-1.99958378489289,-0.475529310309249,-1.01802139179904,-1.44875065901378
1,-0.799158150927561,-0.0566643605581486,0.559283704104123,-0.449188097939889,-0.873167978547681,-0.892849655283273,-0.627196358797811
1,-0.865614553468431,0.0402341392539226,0.54832598749104,-0.492254644799695,-0.916155942681565,-0.90775105248753,-0.627196358797811
1,-0.799158150927561,-0.023677637217869,0.409528243725319,-0.104655723061445,-0.862420987514209,-0.76767791876751,-0.353344925392487
1,-0.134594125518859,-0.405086625839851,1.73175938170403,-1.99958378489289,-0.411047364108422,-1.02100167123989,-1.44875065901378
1,-0.865614553468431,-0.0257393074266365,0.535541984775776,-0.449188097939889,-0.912573612337075,-0.895829934724124,-0.627196358797811
1,1.52681593800289,-0.842160710098555,0.298124791492306,1.66107269819058,1.97120231497768,1.30361629262428,0.468209374823482
1,1.49358773673246,-0.796803965505671,0.292645933185764,1.70413924505039,1.83865609223154,1.24401070380725,0.468209374823482
1,1.49358773673246,-0.829790688845951,0.296298505390125,1.70413924505039,1.85656774395399,1.24997126268895,0.468209374823482
1,1.49358773673246,-0.809173986758276,0.294472219287944,1.70413924505039,1.87089706533195,1.25891210101151,0.468209374823482
1,1.46035953546202,-0.805050646340741,0.294472219287944,1.70413924505039,1.80283278878663,1.2350698654847,0.468209374823482
1,-0.59978894330495,-0.00306093513019431,0.676166014643678,-0.621454285379112,-0.747786416490517,-0.922652449691788,-0.901047792203134
1,-0.433647936952775,0.00518574570487558,0.743738600424358,-0.664520832238917,-0.625987184777845,-0.910731331928382,-0.901047792203134
1,-0.59978894330495,0.0319874584188527,0.677992300745859,-0.621454285379112,-0.754951077179498,-0.925632729132639,-0.901047792203134
1,-0.66624534584582,-0.00306093513019431,0.64877172311097,-0.621454285379112,-0.783609719935421,-0.922652449691788,-0.901047792203134
1,-0.59978894330495,-0.00718427554772925,0.676166014643678,-0.621454285379112,-0.737039425457046,-0.919672170250936,-0.901047792203134
1,1.49358773673246,-0.790618954879369,0.290819647083583,1.66107269819058,1.89239104739889,1.2469909832481,0.468209374823482
1,0.297372490996797,-0.576205253167551,2.1572840435121,-2.0857168786125,-0.0169910262144803,-1.01504111235818,-1.44875065901378
1,1.52681593800289,-0.800927305923206,0.290819647083583,1.66107269819058,1.93896134187727,1.26487265989321,0.468209374823482
1,1.52681593800289,-0.776187263417996,0.292645933185764,1.61800615133078,1.90672036877685,1.24401070380725,0.468209374823482
1,1.52681593800289,-0.788557284670601,0.287167074879222,1.66107269819058,1.90672036877685,1.25891210101151,0.468209374823482
1,0.430285296078537,-0.644240370056878,2.25407720692767,-2.12878342547231,0.126302187565135,-1.01206083291733,-1.44875065901378
1,0.197687887185491,-0.563835231914947,2.08058002722052,-2.0857168786125,-0.120878606204701,-1.01802139179904,-1.44875065901378
1,1.49358773673246,-0.815358997384578,0.288993360981403,1.66107269819058,1.89239104739889,1.25295154212981,0.468209374823482
1,0.197687887185491,-0.572081912750017,2.1006691743445,-2.0857168786125,-0.0958022937932686,-1.01802139179904,-1.44875065901378
1,-0.59978894330495,-0.0752193924370558,0.418659674236221,-0.190788816781056,-0.737039425457046,-0.770658198208361,-0.627196358797811
1,-0.46687613822321,-0.0669727116019859,0.422312246440583,-0.14772226992125,-0.668975148911729,-0.746815962681549,-0.627196358797811
1,-0.566560742034515,-0.0834660732721257,0.431443676951485,-0.190788816781056,-0.715545443390104,-0.76767791876751,-0.627196358797811
1,-0.500104339493645,-0.0257393074266365,0.431443676951485,-0.190788816781056,-0.6797221399452,-0.764697639326658,-0.627196358797811
1,-0.46687613822321,-0.0463560095143112,0.435096249155846,-0.190788816781056,-0.661810488222748,-0.755756801004104,-0.627196358797811
1,1.52681593800289,-1.29160481560986,0.14654304501132,1.70413924505039,1.91388502946583,1.37812327864557,0.468209374823482
1,1.32744673038028,-0.949367560954464,0.234204777915987,1.74720579191019,1.48400538812699,1.12777980561404,0.468209374823482
1,1.36067493165072,-0.959675911998301,0.232378491813806,1.74720579191019,1.53415801294985,1.15758260002256,0.468209374823482
1,1.52681593800289,-1.34108490062028,0.14654304501132,1.66107269819058,1.91388502946583,1.38110355808642,0.468209374823482
1,1.52681593800289,-1.24830974122575,0.14654304501132,1.70413924505039,1.89955570808787,1.36024160200046,0.468209374823482
1,1.52681593800289,-1.33902323041152,0.148369331113501,1.66107269819058,1.91388502946583,1.36918244032301,0.468209374823482
1,1.32744673038028,-0.963799252415836,0.230552205711625,1.74720579191019,1.50191703984944,1.1367206439366,0.468209374823482
1,1.52681593800289,-0.967922592833371,0.17758990874839,1.74720579191019,1.91030269912134,1.35428104311876,0.468209374823482
1,1.52681593800289,-1.2895431454011,0.148369331113501,1.66107269819058,1.8888087170544,1.36620216088216,0.468209374823482
1,1.52681593800289,-0.986477624712278,0.175763622646209,1.70413924505039,1.91746735981032,1.35726132255961,0.468209374823482
1,1.49358773673246,-0.961737582207069,0.181242480952751,1.70413924505039,1.83865609223154,1.31553741038769,0.468209374823482
1,1.49358773673246,-1.00297098638242,0.181242480952751,1.70413924505039,1.83507376188704,1.31553741038769,0.468209374823482
1,-0.433647936952775,-0.0257393074266365,0.58302542343247,-0.449188097939889,-0.636734175811316,-0.854106022552203,-0.901047792203134
1,0.463513497348972,-0.633932019013041,2.39835380899993,-2.0857168786125,0.169290151699019,-1.01206083291733,-1.44875065901378
1,1.49358773673246,-0.965860922624604,0.17941619485057,1.70413924505039,1.83507376188704,1.31553741038769,0.468209374823482
1,-0.40041973568234,-0.0360476584704739,0.579372851228109,-0.449188097939889,-0.608075533055393,-0.8481454636705,-0.901047792203134
1,-0.367191534411905,-0.0484176797230787,0.623203717680442,-0.5353211916595,-0.575834559954979,-0.863046860874758,-0.901047792203134
1,-0.40041973568234,-0.0339859882617064,0.588504281739012,-0.492254644799695,-0.615240193744373,-0.857086301993055,-0.901047792203134
1,0.463513497348972,-0.654548721100715,2.39104866459121,-2.0857168786125,0.169290151699019,-1.00908055347648,-1.44875065901378
1,0.363828893537667,-0.553526880871109,2.31069207609526,-2.0857168786125,0.0546555806753272,-1.01504111235818,-1.44875065901378
1,-0.33396333314147,-0.126761147656243,0.608593428862998,-0.492254644799695,-0.572252229610489,-0.851125743111352,-0.901047792203134
1,0.363828893537667,-0.578266923376319,2.3070395038909,-2.0857168786125,0.0439085896418561,-1.01802139179904,-1.44875065901378
1,1.46035953546202,-0.858654071768695,0.24698878063125,1.70413924505039,1.82074444050908,1.25891210101151,0.468209374823482
1,1.46035953546202,-0.868962422812533,0.241509922324709,1.70413924505039,1.8135797798201,1.26189238045236,0.468209374823482
1,1.52681593800289,-0.86277741218623,0.248815066733431,1.70413924505039,1.9640376542887,1.32149796926939,0.468209374823482
1,1.49358773673246,-0.84628405051609,0.24516249452907,1.70413924505039,1.86731473498746,1.28573461597917,0.468209374823482
1,1.52681593800289,-0.87927077385637,0.241509922324709,1.70413924505039,1.95329066325523,1.32745852815109,0.468209374823482
1,-0.33396333314147,-0.0793427328545908,0.730954597709094,-0.707587379098723,-0.554340577888037,-0.90775105248753,-0.901047792203134
1,-0.40041973568234,-0.0381093286792413,0.677992300745859,-0.664520832238917,-0.611657863399883,-0.901790493605827,-0.901047792203134
1,-0.367191534411905,-0.062849371184451,0.723649453300372,-0.750653925958528,-0.593746211677431,-0.919672170250936,-0.901047792203134
1,-0.40041973568234,-0.0772810626458233,0.701734020074206,-0.707587379098723,-0.611657863399883,-0.910731331928382,-0.901047792203134
1,-0.433647936952775,-0.0690343818107534,0.690776303461122,-0.707587379098723,-0.629569515122335,-0.916691890810085,-0.901047792203134
1,1.46035953546202,-0.875147433438835,0.243336208426889,1.61800615133078,1.75626249430826,1.17248399722682,0.468209374823482
1,1.46035953546202,-0.910195826987882,0.243336208426889,1.61800615133078,1.74909783361928,1.17546427666767,0.468209374823482
1,1.42713133419159,-0.885455784482672,0.243336208426889,1.61800615133078,1.68461588741845,1.13970092337745,0.468209374823482
1,1.42713133419159,-0.89576413552651,0.241509922324709,1.61800615133078,1.72043919086335,1.15758260002256,0.468209374823482
1,1.39390313292115,-0.89576413552651,0.237857350120348,1.61800615133078,1.67386889638498,1.1367206439366,0.468209374823482
1,-0.433647936952775,-0.0772810626458233,0.462490540688554,-0.406121551080084,-0.625987184777845,-0.818342669261985,-0.627196358797811
1,-0.433647936952775,-0.1040827753598,0.44788025187111,-0.363055004220278,-0.622404854433354,-0.809401830939431,-0.627196358797811
1,-0.46687613822321,-0.0855277434808932,0.473448257301638,-0.406121551080084,-0.647481166844787,-0.830263787025391,-0.901047792203134
1,-0.433647936952775,-0.0710960520195209,0.458837968484193,-0.406121551080084,-0.633151845466825,-0.818342669261985,-0.627196358797811
1,-0.40041973568234,-0.0607877009756835,0.460664254586374,-0.406121551080084,-0.618822524088864,-0.815362389821134,-0.627196358797811
1,-0.33396333314147,-0.0896510838984281,0.553804845797582,-0.5353211916595,-0.557922908232527,-0.851125743111352,-0.901047792203134
1,-0.300735131871035,-0.097897764733498,0.54649970138886,-0.5353211916595,-0.540011256510075,-0.842184904788797,-0.901047792203134
1,-0.167822326789294,-0.16180954120529,0.623203717680442,-0.621454285379112,-0.418212024797403,-0.8481454636705,-0.901047792203134
1,-0.367191534411905,-0.0546026903493811,0.539194556980137,-0.5353211916595,-0.593746211677431,-0.851125743111352,-0.901047792203134
1,-0.33396333314147,-0.0649110413932185,0.553804845797582,-0.578387738519306,-0.547175917199056,-0.8481454636705,-0.901047792203134
1,1.59327234054376,-1.50189517690415,0.184895053157112,1.57493960447097,2.02851960048953,1.39600495529068,0.468209374823482
1,1.56004413927333,-1.54725192149703,0.186721339259292,1.57493960447097,1.96761998463319,1.36918244032301,0.468209374823482
1,-0.367191534411905,-0.062849371184451,0.299951077594486,-0.14772226992125,-0.575834559954979,-0.719993447713886,-0.627196358797811
1,-0.33396333314147,-0.0566643605581486,0.285340788777042,-0.104655723061445,-0.561505238577018,-0.70807232995048,-0.0794934919871643
1,-0.33396333314147,-0.0607877009756835,0.323692796922833,-0.190788816781056,-0.565087568921508,-0.734894844918143,-0.627196358797811
1,-0.33396333314147,-0.0607877009756835,0.298124791492306,-0.14772226992125,-0.561505238577018,-0.719993447713886,-0.627196358797811
1,-0.300735131871035,-0.106144445568568,0.305429935901028,-0.14772226992125,-0.532846595821095,-0.714032888832183,-0.353344925392487
1,-0.33396333314147,-0.0607877009756835,0.48257968781254,-0.492254644799695,-0.565087568921508,-0.830263787025391,-0.901047792203134
1,-0.267506930600599,-0.0875894136896607,0.48257968781254,-0.492254644799695,-0.514934944098643,-0.818342669261985,-0.901047792203134
1,-0.33396333314147,-0.0649110413932185,0.506321407140887,-0.5353211916595,-0.547175917199056,-0.833244066466243,-0.901047792203134
1,-0.33396333314147,-0.0690343818107534,0.488058546119082,-0.492254644799695,-0.550758247543547,-0.830263787025391,-0.901047792203134
1,-0.367191534411905,-0.0566643605581486,0.489884832221263,-0.492254644799695,-0.57941689029947,-0.836224345907094,-0.901047792203134
1,1.49358773673246,-1.87918082510859,0.162979619930945,1.48880651075136,1.80283278878663,1.30659657206513,0.468209374823482
1,1.46035953546202,-1.94103093137162,0.175763622646209,1.48880651075136,1.67745122672947,1.2469909832481,0.468209374823482
1,1.49358773673246,-1.94515427178915,0.168458478237487,1.48880651075136,1.74909783361928,1.28871489542002,0.468209374823482
1,1.49358773673246,-1.91216754844887,0.166632192135306,1.48880651075136,1.77417414603071,1.29467545430173,0.468209374823482
1,-0.46687613822321,-0.00512260533896178,0.564762562410665,-0.707587379098723,-0.647481166844787,-0.889869375842421,-0.901047792203134
1,-0.46687613822321,-0.0154309563827991,0.555631131899762,-0.664520832238917,-0.654645827533768,-0.883908816960718,-0.901047792203134
1,-0.300735131871035,-0.0834660732721257,0.634161434293526,-0.750653925958528,-0.547175917199056,-0.889869375842421,-0.901047792203134
1,-0.40041973568234,-0.0401709988880088,0.590330567841193,-0.707587379098723,-0.608075533055393,-0.88688909640157,-0.901047792203134
1,-0.201050528059729,-0.116452796612405,0.679818586848039,-0.750653925958528,-0.446870667553326,-0.88688909640157,-0.901047792203134
1,0.0980032833741862,-0.357668211038199,1.73906452611275,-1.69811795687425,-0.214019195161451,-1.00013971515393,-1.44875065901378
1,0.0315468808333161,-0.343236519576827,1.70436509017132,-1.69811795687425,-0.257007159295336,-1.00013971515393,-1.44875065901378
1,0.197687887185491,-0.413333306674921,1.85046797834577,-1.74118450373406,-0.117296275860211,-1.00311999459478,-1.44875065901378
1,0.131231484644621,-0.380346583334642,1.78106910646291,-1.69811795687425,-0.178195891716547,-1.00013971515393,-1.44875065901378
1,1.69295694435507,-1.94103093137162,0.161153333828765,1.44573996389156,2.26495340322589,1.57780200118262,0.468209374823482
1,1.69295694435507,-1.89979752719627,0.157500761624404,1.40267341703175,2.24704175150344,1.56886116286007,0.468209374823482
1,1.69295694435507,-1.91835255907518,0.159327047726584,1.44573996389156,2.24345942115895,1.56588088341921,0.468209374823482
1,0.0647750821037512,-0.372099902499572,1.90160398920682,-1.69811795687425,-0.224766186194922,-1.00013971515393,-1.44875065901378
1,0.0647750821037512,-0.363853221664502,1.8942988447981,-1.69811795687425,-0.242677837917374,-1.00013971515393,-1.44875065901378
1,0.0647750821037512,-0.347359859994362,1.91073541971773,-1.74118450373406,-0.242677837917374,-1.00013971515393,-1.44875065901378
1,1.56004413927333,-1.69363050631952,-0.284460475103288,2.35013744794747,1.9246320204993,1.59568367782773,0.742060808228805
1,1.52681593800289,-1.66889046381431,-0.280807902898927,2.35013744794747,1.8888087170544,1.58376256006432,0.742060808228805
1,1.52681593800289,-1.67301380423185,-0.282634189001107,2.35013744794747,1.90313803843236,1.59568367782773,0.742060808228805
1,1.52681593800289,-1.61528703838636,-0.311854766635996,2.43627054166708,1.85656774395399,1.57184144230092,0.742060808228805
1,1.52681593800289,-1.66682879360554,-0.302723336125093,2.43627054166708,1.85656774395399,1.58078228062347,0.742060808228805
1,1.52681593800289,-1.63384207026526,-0.306375908329454,2.43627054166708,1.85656774395399,1.57780200118262,0.742060808228805
1,1.49358773673246,-1.65445877235294,-0.300897050022913,2.39320399480728,1.82432677085357,1.54501892733325,0.742060808228805
1,-0.034909521707554,-0.178302902875429,1.43955360535515,-1.43971867571542,-0.303577453773711,-0.979277759067966,-1.44875065901378
1,0.0315468808333161,-0.217474636842011,1.51077876334019,-1.48278522257522,-0.249842498606355,-0.979277759067966,-1.44875065901378
1,0.0647750821037512,-0.231906328303384,1.57104620471214,-1.52585176943503,-0.221183855850432,-0.982258038508818,-1.44875065901378
1,-0.932070956009301,0.236092809086832,-0.315507338840357,0.0245439175179719,-0.944814585437488,-0.523295004617687,0.194357941418159
1,-1.03175555982061,0.2381544792956,-0.317333624942538,0.0245439175179719,-0.980637888882392,-0.535216122381093,0.194357941418159
1,-0.932070956009301,0.231969468669297,-0.310028480533815,-0.0185226293418336,-0.926902933715036,-0.523295004617687,0.194357941418159
1,-0.799158150927561,0.194859404911483,-0.401342785642843,0.153743558097389,-0.858838657169719,-0.407064106424478,0.194357941418159
1,-0.832386352197996,0.155687670944901,-0.423258218869009,0.196810104957194,-0.876750308892171,-0.392162709220221,0.194357941418159
1,-0.799158150927561,0.151564330527366,-0.428737077175551,0.196810104957194,-0.855256326825229,-0.383221870897666,0.194357941418159
1,-0.73270174838669,0.281449553679717,-0.173057022870275,-0.190788816781056,-0.823015353724815,-0.621644226165786,-0.0794934919871643
1,-0.633017144575385,0.250524500548205,-0.140183873031025,-0.190788816781056,-0.762115737868479,-0.612703387843232,0.194357941418159
1,-0.765929949657125,0.260832851592042,-0.15844673405283,-0.190788816781056,-0.837344675102777,-0.639525902810895,-0.0794934919871643
1,-0.699473547116255,0.26289452180081,-0.147489017439747,-0.190788816781056,-0.790774380624402,-0.627604785047489,-0.0794934919871643
1,-0.699473547116255,0.25464784096574,-0.160273020155011,-0.190788816781056,-0.805103702002363,-0.624624505606638,0.194357941418159
1,-1.39726577379539,0.19692107512025,-0.397690213438481,0.153743558097389,-1.1633367364514,-0.514354166295132,0.194357941418159
1,-1.39726577379539,0.192797734702716,-0.406821643949384,0.153743558097389,-1.15975440610691,-0.502433048531726,0.194357941418159
1,-1.39726577379539,0.20516775595532,-0.399516499540662,0.153743558097389,-1.16691906679589,-0.514354166295132,0.194357941418159
1,-0.799158150927561,0.24640116013067,-0.362990777497051,0.0676104643777775,-0.855256326825229,-0.463689415800657,0.194357941418159
1,-0.898842754738866,0.250524500548205,-0.362990777497051,0.0245439175179719,-0.919738273026055,-0.496472489650023,0.194357941418159
1,-0.799158150927561,0.240216149504367,-0.352033060883968,0.0245439175179719,-0.851673996480738,-0.475610533564063,0.194357941418159
1,1.36067493165072,-1.24830974122575,-0.441521079890814,1.83333888562981,1.53774034329434,1.27083321877492,0.468209374823482
1,1.39390313292115,-1.27304978373096,-0.439694793788634,1.83333888562981,1.61655161087313,1.31255713094684,0.468209374823482
1,1.32744673038028,-1.29366648581863,-0.434215935482092,1.79027233877,1.49833470950495,1.24997126268895,0.468209374823482
1,1.32744673038028,-1.29366648581863,-0.434215935482092,1.79027233877,1.49833470950495,1.24997126268895,0.468209374823482
1,-1.29758116998409,0.22990779846053,-0.399516499540662,0.153743558097389,-1.12034877231752,-0.499452769090875,0.194357941418159
1,-1.19789656617278,0.25464784096574,-0.410474216153745,0.153743558097389,-1.06661381715016,-0.472630254123211,0.194357941418159
1,-1.43049397506583,0.234031138878065,-0.373948494110134,0.110677011237583,-1.18124838817385,-0.547137240144499,0.194357941418159
1,-1.39726577379539,0.219599447416693,-0.381253638518857,0.110677011237583,-1.1633367364514,-0.532235842940241,0.194357941418159
1,-1.43049397506583,0.283511223888484,-0.379427352416676,0.110677011237583,-1.18124838817385,-0.541176681262796,0.194357941418159
1,1.26099032783941,-1.05245107139284,-0.452478796503898,1.66107269819058,1.33712984400288,1.11585868785064,0.468209374823482
1,1.22776212656898,-1.06482109264544,-0.457957654810439,1.66107269819058,1.30847120124696,1.09797701120553,0.468209374823482
1,1.22776212656898,-1.08131445431558,-0.450652510401717,1.66107269819058,1.32280052262492,1.10691784952808,0.468209374823482
1,1.22776212656898,-1.07306777348051,-0.450652510401717,1.66107269819058,1.27981255849104,1.08903617288297,0.468209374823482
1,-1.09821196236148,0.359793021612881,-0.350206774781787,0.239876651817,-1.02720818336077,-0.445807739155548,0.194357941418159
1,-1.13144016363191,0.368039702447951,-0.353859346986148,0.239876651817,-1.04511983508322,-0.448788018596399,0.194357941418159
1,-1.16466836490235,0.368039702447951,-0.32646505545344,0.196810104957194,-1.05944915646118,-0.484551371886617,0.194357941418159
1,-1.16466836490235,0.359793021612881,-0.337422772066523,0.196810104957194,-1.05586682611669,-0.46964997468236,0.194357941418159
1,-1.16466836490235,0.390718074744393,-0.32646505545344,0.196810104957194,-1.05944915646118,-0.478590813004914,0.194357941418159
1,-0.699473547116255,0.479369893721394,0.117322467376432,-0.406121551080084,-0.797939041313383,-0.76767791876751,-0.353344925392487
1,-0.799158150927561,0.493801585182766,0.084449317537182,-0.363055004220278,-0.844509335791757,-0.755756801004104,-0.353344925392487
1,-0.53333254076408,0.456691521424952,0.226899633507264,-0.449188097939889,-0.694051461323162,-0.794500433735173,-0.627196358797811
1,-0.73270174838669,0.460814861842487,0.117322467376432,-0.406121551080084,-0.815850693035834,-0.76767791876751,-0.353344925392487
1,-0.765929949657125,0.495863255391534,0.113669895172071,-0.406121551080084,-0.837344675102777,-0.773638477649213,-0.353344925392487
1,-0.66624534584582,0.545343340401953,0.11001732296771,-0.276921910500667,-0.77286272890195,-0.711052609391331,-0.353344925392487
1,-0.73270174838669,0.555651691445791,0.106364750763349,-0.276921910500667,-0.812268362691344,-0.725954006595589,-0.353344925392487
1,-0.633017144575385,0.574206723324698,0.150195617215682,-0.276921910500667,-0.751368746835008,-0.72893428603644,-0.353344925392487
1,-0.00168132043711898,0.341237989733974,1.08890667373648,-1.09518630083697,-0.264171819984316,-0.958415802982006,-1.17489922560846
1,-0.201050528059729,0.427828138502207,0.893494060803163,-0.965986660257556,-0.432541346175364,-0.952455244100303,-1.17489922560846
1,-0.00168132043711898,0.341237989733974,1.11995353747355,-1.09518630083697,-0.267754150328807,-0.964376361863709,-1.44875065901378
1,-0.101365924248424,0.363916362030416,1.00855008524054,-1.05211975397717,-0.350147748252085,-0.955435523541154,-1.17489922560846
1,-0.59978894330495,0.553590021237023,0.630508862089164,-0.879853566537945,-0.722710104079085,-0.934573567455194,-0.901047792203134
1,1.0616211202168,-1.0359577097227,-0.152967875746289,1.10120758901311,0.993226130931806,0.737363198862497,0.468209374823482
1,1.09484932148724,-1.02771102888763,-0.173057022870275,1.10120758901311,1.07203739851059,0.776106831593567,0.468209374823482
1,1.02839291894637,-1.04626606076654,-0.142010159133205,1.05814104215331,0.943073506108941,0.707560404453982,0.468209374823482
1,1.0616211202168,-1.03801937993147,-0.15844673405283,1.10120758901311,0.993226130931806,0.737363198862497,0.468209374823482
1,1.0616211202168,-1.05245107139284,-0.165751878461552,1.10120758901311,1.02188477368773,0.746304037185052,0.468209374823482
1,-1.596634981418,0.633995159378954,0.0132241595521408,-0.190788816781056,-1.24573033437468,-0.791520154294322,-0.353344925392487
1,-1.66309138395887,0.59688509562114,0.00591901514341863,-0.190788816781056,-1.26722431644162,-0.791520154294322,-0.353344925392487
1,-1.596634981418,0.640180170005257,0.0260081622674046,-0.233855363640861,-1.24573033437468,-0.800460992616876,-0.353344925392487
1,-1.596634981418,0.638118499796489,0.020529303960863,-0.190788816781056,-1.24214800403019,-0.794500433735173,-0.353344925392487
1,-1.56340678014757,0.62987181896142,0.0333133066761268,-0.190788816781056,-1.23140101299672,-0.794500433735173,-0.353344925392487
1,0.0980032833741862,0.19692107512025,1.88151484208284,-1.43971867571542,-0.174613561372057,-0.994179156272224,-1.44875065901378
1,0.330600692267232,0.0196174371662479,2.0824063133227,-1.48278522257522,0.0725672323977791,-0.982258038508818,-1.44875065901378
1,-0.898842754738866,0.788620425036515,0.382133952192611,-0.406121551080084,-0.894661960614623,-0.851125743111352,-0.627196358797811
1,-0.965299157279736,0.794805435662817,0.336476799638097,-0.363055004220278,-0.944814585437488,-0.842184904788797,-0.627196358797811
1,-1.19789656617278,0.770065393157608,0.239683636222528,-0.363055004220278,-1.05586682611669,-0.842184904788797,-0.627196358797811
1,-1.06498376109104,0.772127063366375,0.288993360981403,-0.363055004220278,-0.987802549571373,-0.839204625347946,-0.627196358797811
1,-0.898842754738866,0.755633701696235,0.489884832221263,-0.5353211916595,-0.908991281992584,-0.892849655283273,-0.901047792203134
1,-0.633017144575385,0.704091946477049,0.78209060857015,-0.707587379098723,-0.740621755801537,-0.937553846896045,-0.901047792203134
1,-0.865614553468431,0.755633701696235,0.425964818644944,-0.406121551080084,-0.876750308892171,-0.857086301993055,-0.901047792203134
1,-0.832386352197996,0.76800372294884,0.539194556980137,-0.578387738519306,-0.873167978547681,-0.895829934724124,-0.901047792203134
1,-0.898842754738866,0.782435414410212,0.528236840367054,-0.578387738519306,-0.901826621303604,-0.90775105248753,-0.901047792203134
1,-0.965299157279736,0.782435414410212,0.469795685097277,-0.5353211916595,-0.944814585437488,-0.898810214164976,-0.901047792203134
1,-0.765929949657125,0.79274376545405,0.68164487295022,-0.664520832238917,-0.815850693035834,-0.925632729132639,-0.901047792203134
1,-0.46687613822321,0.673166893345536,0.98663465201437,-0.750653925958528,-0.625987184777845,-0.958415802982006,-1.17489922560846
1,-0.566560742034515,0.697906935850746,0.858794624861732,-0.707587379098723,-0.701216122012142,-0.943514405777748,-0.901047792203134
1,-0.965299157279736,0.765942052740073,0.478927115608179,-0.578387738519306,-0.944814585437488,-0.901790493605827,-0.901047792203134
1,-0.566560742034515,0.699968606059514,0.882536344190079,-0.750653925958528,-0.701216122012142,-0.952455244100303,-0.901047792203134
1,-0.73270174838669,0.80099044628912,0.719996881096011,-0.664520832238917,-0.801521371657873,-0.931593288014342,-0.901047792203134
1,-0.765929949657125,0.755633701696235,0.705386592278567,-0.664520832238917,-0.819433023380325,-0.931593288014342,-0.901047792203134
1,-0.832386352197996,0.790682095245282,0.667034584132775,-0.664520832238917,-0.858838657169719,-0.931593288014342,-0.901047792203134
1,-0.73270174838669,0.780373744201445,0.727302025504733,-0.664520832238917,-0.805103702002363,-0.934573567455194,-0.901047792203134
1,-0.765929949657125,0.788620425036515,0.730954597709094,-0.707587379098723,-0.819433023380325,-0.937553846896045,-0.901047792203134
1,1.16130572402811,-0.908134156779114,-0.233324464242233,1.05814104215331,1.19741896056776,0.835712420410596,0.468209374823482
1,1.22776212656898,-0.864839082394998,-0.251587325264038,1.05814104215331,1.34429450469186,0.916179965313587,0.468209374823482
1,1.12807752275767,-0.87927077385637,-0.222366747629149,1.05814104215331,1.12935468402244,0.796968787679527,0.468209374823482
1,1.16130572402811,-0.891640795108975,-0.233324464242233,1.05814104215331,1.20458362125674,0.844653258733151,0.468209374823482
1,1.19453392529854,-0.866900752603765,-0.246108466957496,1.05814104215331,1.25115391573511,0.868495494259963,0.468209374823482
1,-0.699473547116255,0.840162180255702,0.829574047226844,-0.750653925958528,-0.780027389590931,-0.952455244100303,-1.17489922560846
1,-0.998527358550171,0.850470531299539,0.477100829505999,-0.5353211916595,-0.955561576470959,-0.898810214164976,-0.901047792203134
1,-0.59978894330495,0.852532201508307,0.931846068948954,-0.750653925958528,-0.722710104079085,-0.958415802982006,-1.17489922560846
1,-0.66624534584582,0.840162180255702,0.935498641153315,-0.793720472818334,-0.747786416490517,-0.961396082422857,-1.17489922560846
1,-0.699473547116255,0.864902222760911,0.838705477737746,-0.750653925958528,-0.77644505924644,-0.952455244100303,-1.17489922560846
1,-1.13144016363191,0.842223850464469,0.400396813214416,-0.492254644799695,-1.02004352267179,-0.892849655283273,-0.901047792203134
1,-0.865614553468431,0.829853829211864,0.58302542343247,-0.621454285379112,-0.880332639236661,-0.913711611369233,-0.901047792203134
1,-1.06498376109104,0.846347190882004,0.455185396279832,-0.5353211916595,-0.984220219226882,-0.901790493605827,-0.901047792203134
1,-0.59978894330495,0.790682095245282,1.00855008524054,-0.793720472818334,-0.708380782701123,-0.964376361863709,-1.17489922560846
1,-1.03175555982061,0.805113786706655,0.477100829505999,-0.578387738519306,-0.969890897848921,-0.904770773046679,-0.901047792203134
1,1.32744673038028,-0.644240370056878,-0.682590845378646,1.53187305761117,1.52699335226087,1.27977405709747,0.742060808228805
1,1.36067493165072,-0.640117029639343,-0.697201134196091,1.57493960447097,1.59863995915068,1.32745852815109,0.742060808228805
1,1.29421852910985,-0.65867206151825,-0.673459414867744,1.53187305761117,1.48758771847148,1.2410304243664,0.742060808228805
1,1.32744673038028,-0.613315316925366,-0.688069703685188,1.57493960447097,1.55206966467231,1.28871489542002,0.742060808228805
1,-0.898842754738866,0.660796872092932,0.632335148191345,-0.664520832238917,-0.908991281992584,-0.943514405777748,-0.901047792203134
1,1.36067493165072,-0.656610391309483,-0.693548561991729,1.53187305761117,1.5914752984617,1.31851768982854,0.742060808228805
1,1.12807752275767,-0.724645508198809,-0.308202194431635,1.10120758901311,1.12935468402244,0.826771582088042,0.468209374823482
1,-0.932070956009301,0.724708648564723,0.604940856658637,-0.621454285379112,-0.919738273026055,-0.940534126336897,-0.901047792203134
1,-0.932070956009301,0.658735201884164,0.654250581417511,-0.664520832238917,-0.919738273026055,-0.952455244100303,-1.17489922560846
1,-0.932070956009301,0.697906935850746,0.621377431578262,-0.621454285379112,-0.919738273026055,-0.943514405777748,-0.901047792203134
1,1.16130572402811,-0.714337157154972,-0.330117627657801,1.10120758901311,1.22965993366817,0.889357450345924,0.468209374823482
1,1.12807752275767,-0.732892189033879,-0.308202194431635,1.10120758901311,1.15084866608938,0.8416729792923,0.468209374823482
1,1.12807752275767,-0.71639882736374,-0.315507338840357,1.10120758901311,1.16876031781183,0.859554655937409,0.468209374823482
1,-0.932070956009301,0.706153616685816,0.632335148191345,-0.664520832238917,-0.923320603370546,-0.9464946852186,-0.901047792203134
1,1.16130572402811,-0.726707178407577,-0.32463876935126,1.10120758901311,1.20816595160123,0.874456053141666,0.468209374823482
1,-0.832386352197996,0.646365180631559,0.641466578702248,-0.449188097939889,-0.873167978547681,-0.895829934724124,-0.901047792203134
1,-0.832386352197996,0.693783595433211,0.659729439724053,-0.449188097939889,-0.8660033178587,-0.898810214164976,-0.901047792203134
1,-0.932070956009301,0.743263680443631,0.608593428862998,-0.449188097939889,-0.912573612337075,-0.904770773046679,-0.901047792203134
1,-0.832386352197996,0.685536914598141,0.661555725826234,-0.449188097939889,-0.8660033178587,-0.901790493605827,-0.901047792203134
1,-1.03175555982061,0.726770318773491,0.641466578702248,-0.492254644799695,-0.969890897848921,-0.928613008573491,-0.901047792203134
1,-0.998527358550171,0.720585308147188,0.659729439724053,-0.492254644799695,-0.95914390681545,-0.928613008573491,-0.901047792203134
1,-1.06498376109104,0.728831988982258,0.639640292600067,-0.5353211916595,-0.984220219226882,-0.934573567455194,-0.901047792203134
1,-1.03175555982061,0.772127063366375,0.65059800921315,-0.5353211916595,-0.973473228193411,-0.928613008573491,-0.901047792203134
1,-1.03175555982061,0.78449708461898,0.657903153621873,-0.5353211916595,-0.973473228193411,-0.934573567455194,-0.901047792203134
1,1.39390313292115,-0.555588551079877,-0.646065123335035,1.44573996389156,1.66312190535151,1.27977405709747,0.742060808228805
1,1.32744673038028,-0.541156859618504,-0.649717695539396,1.48880651075136,1.56281665570578,1.2350698654847,0.742060808228805
1,1.36067493165072,-0.532910178783435,-0.638759978926313,1.44573996389156,1.61655161087313,1.25295154212981,0.742060808228805
1,1.36067493165072,-0.543218529827272,-0.646065123335035,1.44573996389156,1.62371627156211,1.26487265989321,0.742060808228805
1,1.32744673038028,-0.526725168157132,-0.644238837232855,1.44573996389156,1.56281665570578,1.23208958604385,0.742060808228805
1,-0.932070956009301,0.728831988982258,0.732780883811275,-0.5353211916595,-0.923320603370546,-0.937553846896045,-0.901047792203134
1,-0.965299157279736,0.726770318773491,0.705386592278567,-0.492254644799695,-0.941232255092998,-0.931593288014342,-0.901047792203134
1,-0.965299157279736,0.747387020861165,0.734607169913455,-0.5353211916595,-0.934067594404017,-0.940534126336897,-0.901047792203134
1,-0.965299157279736,0.716461967729653,0.729128311606914,-0.5353211916595,-0.934067594404017,-0.931593288014342,-0.901047792203134
1,-0.965299157279736,0.732955329399793,0.723649453300372,-0.5353211916595,-0.937649924748507,-0.934573567455194,-0.901047792203134
1,-0.998527358550171,0.722646978355956,0.661555725826234,-0.449188097939889,-0.948396915781978,-0.913711611369233,-0.901047792203134
1,-1.03175555982061,0.749448691069933,0.635987720395706,-0.406121551080084,-0.96272623715994,-0.913711611369233,-0.901047792203134
1,-0.73270174838669,0.660796872092932,0.847836908248649,-0.492254644799695,-0.808686032346854,-0.928613008573491,-0.901047792203134
1,-1.06498376109104,0.786558754827747,0.604940856658637,-0.406121551080084,-0.994967210260353,-0.913711611369233,-0.901047792203134
1,-1.06498376109104,0.739140340026096,0.630508862089164,-0.449188097939889,-0.980637888882392,-0.916691890810085,-0.901047792203134
1,-0.500104339493645,0.530911648940581,1.32449758091777,-0.92292011339775,-0.640316506155806,-0.9464946852186,-1.44875065901378
1,-0.73270174838669,0.57214505311593,1.17291583443679,-0.879853566537945,-0.797939041313383,-0.958415802982006,-1.44875065901378
1,-0.73270174838669,0.59688509562114,1.13821639849536,-0.879853566537945,-0.808686032346854,-0.955435523541154,-1.44875065901378
1,-0.73270174838669,0.584515074368535,1.15465297341498,-0.879853566537945,-0.805103702002363,-0.955435523541154,-1.44875065901378
1,1.32744673038028,-0.417456647092456,-0.726421711830979,1.57493960447097,1.56281665570578,1.26189238045236,0.742060808228805
1,1.36067493165072,-0.372099902499572,-0.741032000648424,1.57493960447097,1.59863995915068,1.28871489542002,0.742060808228805
1,1.32744673038028,-0.405086625839851,-0.724595425728799,1.57493960447097,1.5556519950168,1.25891210101151,0.742060808228805
1,1.32744673038028,-0.409209966257386,-0.73007428403534,1.57493960447097,1.56639898605027,1.26487265989321,0.742060808228805
1,1.36067493165072,-0.382408253543409,-0.737379428444062,1.57493960447097,1.59505762880619,1.28275433653832,0.742060808228805
1,1.32744673038028,-0.242214679347221,-0.759294861670229,1.61800615133078,1.56639898605027,1.2469909832481,1.01591224163413
1,1.29421852910985,-0.236029668720919,-0.766600006078951,1.61800615133078,1.50908170053842,1.22314874772129,0.742060808228805
1,1.29421852910985,-0.221597977259546,-0.757468575568048,1.57493960447097,1.53057568260536,1.22016846828044,0.742060808228805
1,1.29421852910985,-0.221597977259546,-0.759294861670229,1.61800615133078,1.47684072743801,1.19930651219448,0.742060808228805
1,-1.66309138395887,0.772127063366375,0.217768202996362,-0.406121551080084,-1.26005965575264,-0.916691890810085,-0.627196358797811
1,-1.79600418904061,0.726770318773491,0.162979619930945,-0.406121551080084,-1.31021228057551,-0.919672170250936,-0.627196358797811
1,-1.66309138395887,0.749448691069933,0.232378491813806,-0.406121551080084,-1.26005965575264,-0.928613008573491,-0.627196358797811
1,-1.72954778649974,0.749448691069933,0.197679055872376,-0.406121551080084,-1.28513596816407,-0.922652449691788,-0.627196358797811
1,-1.76277598777018,0.75975704211377,0.170284764339668,-0.406121551080084,-1.30662995023102,-0.928613008573491,-0.627196358797811
1,-1.596634981418,0.749448691069933,0.236031064018167,-0.406121551080084,-1.23498334334121,-0.910731331928382,-0.353344925392487
1,-1.79600418904061,0.753572031487468,0.14471675890914,-0.363055004220278,-1.31737694126449,-0.913711611369233,-0.353344925392487
1,-1.33080937125452,0.749448691069933,0.378481379988249,-0.406121551080084,-1.12034877231752,-0.910731331928382,-0.627196358797811
1,-1.62986318268844,0.753572031487468,0.226899633507264,-0.406121551080084,-1.25289499506366,-0.916691890810085,-0.353344925392487
1,1.29421852910985,0.0216791073750154,-0.938270899683922,1.87640543248961,1.54848733432781,1.42878802914004,1.01591224163413
1,1.29421852910985,-0.00306093513019431,-0.945576044092644,1.87640543248961,1.53057568260536,1.42580774969919,1.01591224163413
1,1.29421852910985,-0.0216159670091016,-0.932792041377381,1.83333888562981,1.54490500398332,1.41984719081749,1.01591224163413
1,1.29421852910985,0.00930908612241052,-0.943749757990464,1.87640543248961,1.54848733432781,1.4377288674626,1.01591224163413
1,1.29421852910985,-0.00718427554772925,-0.943749757990464,1.87640543248961,1.52341102191638,1.42580774969919,1.01591224163413
1,-0.300735131871035,0.374224713074253,1.54913077148598,-1.09518630083697,-0.507770283409662,-0.937553846896045,-1.44875065901378
1,-0.267506930600599,0.357731351404113,1.5564359158947,-1.05211975397717,-0.482693970998229,-0.934573567455194,-1.44875065901378
1,-0.40041973568234,0.462876532051254,1.53634676877071,-1.09518630083697,-0.58658155098845,-0.943514405777748,-1.44875065901378
1,-0.33396333314147,0.444321500172347,1.5473044853838,-1.09518630083697,-0.522099604787624,-0.940534126336897,-1.44875065901378
1,1.36067493165072,0.104145915725714,-0.925486896968658,1.66107269819058,1.666704235696,1.43474858802175,1.01591224163413
1,1.36067493165072,0.114454266769552,-0.921834324764297,1.66107269819058,1.64521025362905,1.40792607305408,1.01591224163413
1,1.36067493165072,0.151564330527366,-0.936444613581742,1.66107269819058,1.67745122672947,1.45263026466686,1.01591224163413
1,-1.86246059158148,0.704091946477049,0.290819647083583,-0.5353211916595,-1.33528859298694,-0.973317200186263,-1.17489922560846
1,-1.86246059158148,0.732955329399793,0.281688216572681,-0.5353211916595,-1.33887092333143,-0.970336920745412,-0.901047792203134
1,-1.69631958522931,0.708215286894583,0.365697377272986,-0.5353211916595,-1.27797130747509,-0.96735664130456,-1.17489922560846
1,-1.82923239031105,0.716461967729653,0.303603649798847,-0.5353211916595,-1.32454160195347,-0.970336920745412,-1.17489922560846
1,-1.79600418904061,0.732955329399793,0.321866510820653,-0.5353211916595,-1.31379461092,-0.970336920745412,-1.17489922560846
1,-0.33396333314147,0.403088095996998,1.74819595662366,-1.09518630083697,-0.525681935132114,-0.949474964659451,-1.44875065901378
1,-0.433647936952775,0.42576646829344,1.70984394847787,-1.09518630083697,-0.600910872366412,-0.952455244100303,-1.44875065901378
1,-0.40041973568234,0.423704798084672,1.71897537898877,-1.09518630083697,-0.57941689029947,-0.949474964659451,-1.44875065901378
1,-0.367191534411905,0.421643127875905,1.74636967052148,-1.09518630083697,-0.554340577888037,-0.949474964659451,-1.44875065901378
1,-1.53017857887713,0.669043552928002,0.400396813214416,-0.492254644799695,-1.21348936127427,-0.949474964659451,-0.901047792203134
1,-1.66309138395887,0.7515103612787,0.332824227433736,-0.492254644799695,-1.26005965575264,-0.955435523541154,-0.901047792203134
1,-1.46372217633626,0.685536914598141,0.44788025187111,-0.492254644799695,-1.18483071851834,-0.949474964659451,-0.901047792203134
1,-1.56340678014757,0.693783595433211,0.389439096601333,-0.492254644799695,-1.22423635230774,-0.949474964659451,-0.901047792203134
1,-1.56340678014757,0.697906935850746,0.385786524396972,-0.492254644799695,-1.22781868265223,-0.949474964659451,-0.901047792203134
1,1.22776212656898,0.300004585558624,-1.02593263258859,1.83333888562981,1.42310577227065,1.38706411696812,1.01591224163413
1,1.22776212656898,0.297942915349857,-1.02958520479295,1.79027233877,1.40877645089269,1.37812327864557,1.01591224163413
1,1.22776212656898,0.302066255767392,-1.02045377428205,1.79027233877,1.43743509364861,1.38408383752727,1.01591224163413
1,1.22776212656898,0.335052979107671,-1.02593263258859,1.79027233877,1.42310577227065,1.38110355808642,1.01591224163413
1,1.22776212656898,0.314436277019996,-1.02410634648641,1.79027233877,1.40877645089269,1.36918244032301,1.01591224163413
1,1.12807752275767,0.489678244765231,-1.20125609839792,2.04867161992883,1.25115391573511,1.42878802914004,1.01591224163413
1,1.12807752275767,0.522664968105511,-1.20490867060228,2.04867161992883,1.2547362460796,1.42878802914004,1.01591224163413
1,1.12807752275767,0.489678244765231,-1.19760352619356,2.04867161992883,1.24040692470164,1.41686691137664,1.01591224163413
1,1.12807752275767,0.489678244765231,-1.19942981229574,2.04867161992883,1.2547362460796,1.42282747025834,1.01591224163413
1,1.12807752275767,0.471123212886324,-1.20125609839792,2.04867161992883,1.22965993366817,1.40792607305408,1.01591224163413
1,-1.53017857887713,0.609255116873745,0.236031064018167,-0.449188097939889,-1.20990703092978,-0.898810214164976,-0.901047792203134
1,-1.4969503776067,0.627810148752652,0.237857350120348,-0.449188097939889,-1.19557770955181,-0.895829934724124,-0.901047792203134
1,-1.56340678014757,0.631933489170187,0.197679055872376,-0.449188097939889,-1.22781868265223,-0.898810214164976,-0.901047792203134
1,1.09484932148724,0.530911648940581,-1.28526525909823,2.04867161992883,1.20100129091225,1.4377288674626,1.01591224163413
1,1.09484932148724,0.535034989358116,-1.28709154520041,2.04867161992883,1.20100129091225,1.4377288674626,1.01591224163413
1,1.09484932148724,0.535034989358116,-1.28709154520041,2.04867161992883,1.20100129091225,1.4377288674626,1.01591224163413
1,1.09484932148724,0.532973319149348,-1.28343897299604,2.04867161992883,1.19025429987878,1.42580774969919,1.01591224163413
1,-1.53017857887713,0.623686808335117,0.170284764339668,-0.449188097939889,-1.20632470058529,-0.883908816960718,-0.627196358797811
1,-1.53017857887713,0.607193446664977,0.148369331113501,-0.449188097939889,-1.20632470058529,-0.877948258079015,-0.627196358797811
1,-1.46372217633626,0.611316787082512,0.204984200281098,-0.449188097939889,-1.17766605782936,-0.88688909640157,-0.901047792203134
1,-1.46372217633626,0.699968606059514,0.17941619485057,-0.449188097939889,-1.18483071851834,-0.874967978638164,-0.627196358797811
1,-1.46372217633626,0.695845265641979,0.17758990874839,-0.449188097939889,-1.18124838817385,-0.874967978638164,-0.627196358797811
1,-1.39726577379539,0.662858542301699,0.248815066733431,-0.406121551080084,-1.15617207576242,-0.88688909640157,-0.901047792203134
1,-1.43049397506583,0.669043552928002,0.214115630792001,-0.406121551080084,-1.16691906679589,-0.877948258079015,-0.627196358797811
1,-1.36403757252496,0.681413574180606,0.281688216572681,-0.449188097939889,-1.14184275438446,-0.889869375842421,-0.901047792203134
1,-1.43049397506583,0.611316787082512,0.239683636222528,-0.406121551080084,-1.1633367364514,-0.88688909640157,-0.901047792203134
1,-1.43049397506583,0.611316787082512,0.239683636222528,-0.406121551080084,-1.1633367364514,-0.88688909640157,-0.901047792203134
1,-1.36403757252496,0.615440127500047,0.374828807783888,-0.492254644799695,-1.13826042403997,-0.90775105248753,-0.901047792203134
1,-1.43049397506583,0.627810148752652,0.31456136641193,-0.492254644799695,-1.1633367364514,-0.904770773046679,-0.901047792203134
1,-1.26435296871365,0.699968606059514,0.449706537973291,-0.449188097939889,-1.09527245990608,-0.90775105248753,-0.901047792203134
1,-1.36403757252496,0.644303510422792,0.369349949477347,-0.449188097939889,-1.13826042403997,-0.90775105248753,-0.901047792203134
1,-1.36403757252496,0.627810148752652,0.362044805068625,-0.492254644799695,-1.13826042403997,-0.904770773046679,-0.901047792203134
1,-1.29758116998409,0.623686808335117,0.321866510820653,-0.363055004220278,-1.10243712059506,-0.883908816960718,-0.901047792203134
1,-1.23112476744322,0.675228563554304,0.329171655229375,-0.319988457360473,-1.07377847783914,-0.874967978638164,-0.901047792203134
1,-1.23112476744322,0.638118499796489,0.371176235579527,-0.363055004220278,-1.07736080818363,-0.883908816960718,-0.901047792203134
1,-1.23112476744322,0.689660255015676,0.360218518966444,-0.363055004220278,-1.07377847783914,-0.883908816960718,-0.901047792203134
1,-1.19789656617278,0.619563467917582,0.383960238294791,-0.319988457360473,-1.05586682611669,-0.883908816960718,-0.901047792203134
1,-1.19789656617278,0.56389837228086,0.124627611785154,-0.190788816781056,-1.0522844957722,-0.800460992616876,-0.0794934919871643
1,-1.13144016363191,0.56389837228086,0.126453897887334,-0.190788816781056,-1.02004352267179,-0.78853987485347,-0.0794934919871643
1,-1.06498376109104,0.545343340401953,0.190373911463654,-0.233855363640861,-0.991384879915863,-0.812382110380282,-0.353344925392487
1,-1.09821196236148,0.56389837228086,0.161153333828765,-0.190788816781056,-1.00213187094933,-0.800460992616876,-0.0794934919871643
1,-1.06498376109104,0.57214505311593,0.17758990874839,-0.233855363640861,-0.987802549571373,-0.806421551498579,-0.353344925392487
1,-0.799158150927561,0.524726638314278,0.254293925039973,-0.363055004220278,-0.837344675102777,-0.812382110380282,-0.627196358797811
1,-0.832386352197996,0.495863255391534,0.203157914178917,-0.319988457360473,-0.862420987514209,-0.797480713176025,-0.627196358797811
1,-0.633017144575385,0.489678244765231,0.363871091170805,-0.406121551080084,-0.740621755801537,-0.830263787025391,-0.627196358797811
1,-0.865614553468431,0.497924925600301,0.215941916894181,-0.363055004220278,-0.880332639236661,-0.812382110380282,-0.627196358797811
1,0.729339107512452,0.627810148752652,-1.10628922108453,1.0150744952935,0.624246105449297,0.731402639980794,0.742060808228805
1,0.795795510053323,0.636056829587722,-1.1190732237998,1.0150744952935,0.728133685439518,0.791008228797824,0.742060808228805
1,0.762567308782888,0.598946765829907,-1.11542065159544,1.0150744952935,0.660069408894201,0.752264596066755,0.742060808228805
1,0.762567308782888,0.638118499796489,-1.11359436549325,1.0150744952935,0.674398730272163,0.761205434389309,0.742060808228805
1,0.729339107512452,0.594823425412373,-1.11176807939107,1.0150744952935,0.606334453726845,0.725442081099091,0.742060808228805
1,-1.96214519539279,0.361854691821648,-0.29176561951201,0.239876651817,-1.38185888746531,-0.612703387843232,0.194357941418159
1,-1.79600418904061,0.374224713074253,-0.346554202577426,0.282943198676805,-1.31379461092,-0.562038637348756,0.194357941418159
1,-2.02860159793366,0.320621287646299,-0.275329044592385,0.239876651817,-1.40693519987675,-0.627604785047489,0.194357941418159
1,-0.998527358550171,0.502048266017836,0.11184360906989,-0.276921910500667,-0.951979246126469,-0.785559595412619,-0.627196358797811
1,0.862251912594193,0.660796872092932,-1.6158230435929,1.31654032331214,0.817691944051778,1.4436894263443,1.56361510844477
1,-1.03175555982061,0.479369893721394,0.119148753478612,-0.319988457360473,-0.973473228193411,-0.794500433735173,-0.627196358797811
1,-1.06498376109104,0.483493234138929,0.0917544619459042,-0.276921910500667,-0.987802549571373,-0.791520154294322,-0.627196358797811
1,0.862251912594193,0.656673531675397,-1.62312818800163,1.31654032331214,0.810527283362797,1.44964998522601,1.56361510844477
1,0.862251912594193,0.677290233763071,-1.61034418528636,1.31654032331214,0.803362622673816,1.42282747025834,1.56361510844477
1,0.862251912594193,0.660796872092932,-1.61947561579726,1.31654032331214,0.814109613707287,1.44666970578515,1.56361510844477
1,-1.06498376109104,0.477308223512627,0.106364750763349,-0.319988457360473,-0.984220219226882,-0.797480713176025,-0.627196358797811
1,0.862251912594193,0.660796872092932,-1.61947561579726,1.31654032331214,0.814109613707287,1.44666970578515,1.56361510844477
1,0.131231484644621,0.469061542677557,1.30440843379378,-0.578387738519306,-0.131625597238172,-0.928613008573491,-1.44875065901378
1,0.0315468808333161,0.464938202260022,1.16378440392588,-0.5353211916595,-0.20327220412798,-0.913711611369233,-1.17489922560846
1,0.0315468808333161,0.464938202260022,1.19300498156077,-0.578387738519306,-0.20327220412798,-0.922652449691788,-1.17489922560846
1,0.131231484644621,0.497924925600301,1.26423013954581,-0.578387738519306,-0.11013161517123,-0.919672170250936,-1.17489922560846
1,0.397057094808102,0.722646978355956,-1.51720359407515,0.756675214134666,0.183619473076981,0.755244875507606,1.56361510844477
1,0.430285296078537,0.755633701696235,-1.53911902730132,0.756675214134666,0.226607437210865,0.826771582088042,1.56361510844477
1,0.363828893537667,0.735016999608561,-1.50807216356425,0.756675214134666,0.144213839287587,0.707560404453982,1.56361510844477
1,0.363828893537667,0.708215286894583,-1.51902988017733,0.756675214134666,0.165707821354529,0.7433237577442,1.56361510844477
1,0.363828893537667,0.718523637938421,-1.51720359407515,0.756675214134666,0.151378499976567,0.728422360539943,1.56361510844477
1,0.430285296078537,0.774188733575143,-1.22317153162409,0.842808307854278,0.219442776521885,0.552585873529704,1.01591224163413
1,0.696110906242017,0.695845265641979,-1.74548935684772,0.756675214134666,0.581258141315413,1.45859082354856,1.56361510844477
1,0.330600692267232,0.782435414410212,-1.21586638721536,0.842808307854278,0.122719857220644,0.490000005271823,0.742060808228805
1,0.297372490996797,0.737078669817328,-1.212213815011,0.842808307854278,0.0654025717087984,0.460197210863308,0.742060808228805
1,0.330600692267232,0.765942052740073,-1.21586638721536,0.842808307854278,0.0976435448092118,0.478078887508417,0.742060808228805
1,0.696110906242017,0.702030276268281,-1.75279450125644,0.713608667274861,0.584840471659903,1.47349222075282,1.56361510844477
1,0.696110906242017,0.722646978355956,-1.74548935684772,0.713608667274861,0.574093480626432,1.45263026466686,1.56361510844477
1,0.696110906242017,0.712338627312118,-1.75096821515426,0.713608667274861,0.577675810970922,1.46455138243026,1.56361510844477
1,0.230916088455926,0.745325350652398,-1.20856124280664,0.799741760994472,0.00808528619695232,0.415493019250535,0.742060808228805
1,0.696110906242017,0.697906935850746,-1.75827335956299,0.713608667274861,0.584840471659903,1.48243305907537,1.56361510844477
1,-0.00168132043711898,0.227846128251763,-1.16838294855867,0.713608667274861,-0.257007159295336,0.248597370562851,0.742060808228805
1,-0.00168132043711898,0.225784458042995,-1.16838294855867,0.713608667274861,-0.253424828950845,0.248597370562851,0.742060808228805
1,-0.0681377229779891,0.168057692197506,-1.16107780414995,0.713608667274861,-0.310742114462691,0.215814296713485,0.742060808228805
1,-0.034909521707554,0.22990779846053,-1.16655666245649,0.713608667274861,-0.278501141362278,0.236676252799445,0.742060808228805
1,-0.46687613822321,0.506171606435371,0.679818586848039,-0.578387738519306,-0.629569515122335,-0.913711611369233,-1.17489922560846
1,-0.367191534411905,0.514418287270441,0.752870030935261,-0.578387738519306,-0.547175917199056,-0.90775105248753,-1.17489922560846
1,-0.500104339493645,0.504109936226604,0.690776303461122,-0.621454285379112,-0.643898836500296,-0.919672170250936,-1.17489922560846
1,-0.367191534411905,0.508233276644139,0.78391689467233,-0.621454285379112,-0.536428926165585,-0.913711611369233,-1.17489922560846
1,-0.33396333314147,0.547405010610721,0.798527183489774,-0.621454285379112,-0.529264265476604,-0.913711611369233,-1.17489922560846
1,0.696110906242017,0.869025563178446,-1.77105736227825,0.541342479835639,0.609916784071336,1.52415697124729,1.56361510844477
1,0.696110906242017,0.813360467541725,-1.78018879278915,0.541342479835639,0.606334453726845,1.5360780890107,1.56361510844477
1,0.696110906242017,0.854593871717074,-1.76923107617607,0.541342479835639,0.577675810970922,1.49435417683878,1.56361510844477
1,0.696110906242017,0.852532201508307,-1.77470993448261,0.498275932975833,0.588422802004393,1.51223585348389,1.56361510844477
1,0.696110906242017,0.831915499420632,-1.77653622058479,0.498275932975833,0.574093480626432,1.50329501516133,1.56361510844477
1,0.563198101160277,0.819545478168027,-1.75096821515426,0.455209386116028,0.391394633057423,1.30957685150598,1.56361510844477
1,0.496741698619407,0.825730488794329,-1.73453164023464,0.498275932975833,0.326912686856596,1.22910930660299,1.56361510844477
1,0.496741698619407,0.840162180255702,-1.738184212439,0.455209386116028,0.326912686856596,1.2350698654847,1.56361510844477
1,-0.500104339493645,0.656673531675397,0.593983140045554,-0.449188097939889,-0.640316506155806,-0.866027140315609,-0.901047792203134
1,-0.53333254076408,0.691721925224444,0.572067706819387,-0.449188097939889,-0.651063497189277,-0.869007419756461,-0.901047792203134
1,-0.433647936952775,0.662858542301699,0.65059800921315,-0.449188097939889,-0.597328542021921,-0.869007419756461,-0.901047792203134
1,-0.500104339493645,0.681413574180606,0.597635712249915,-0.449188097939889,-0.643898836500296,-0.871987699197312,-0.901047792203134
1,-0.46687613822321,0.718523637938421,0.617724859373901,-0.449188097939889,-0.622404854433354,-0.871987699197312,-0.901047792203134
1,0.563198101160277,1.27929793472317,-1.28161268689386,0.670542120415055,0.437964927535798,0.698619566131428,1.01591224163413
1,0.563198101160277,1.23187951992152,-1.27978640079168,0.670542120415055,0.423635606157836,0.686698448368022,1.01591224163413
1,0.596426302430712,1.29579129639331,-1.28891783130259,0.670542120415055,0.477370561325192,0.728422360539943,1.01591224163413
1,-0.566560742034515,0.753572031487468,0.250641352835611,-0.276921910500667,-0.690469130978671,-0.764697639326658,-0.353344925392487
1,0.596426302430712,1.28960628576701,-1.28891783130259,0.670542120415055,0.480952891669682,0.731402639980794,1.01591224163413
1,-0.566560742034515,0.780373744201445,0.232378491813806,-0.276921910500667,-0.6797221399452,-0.752776521563252,-0.0794934919871643
1,-0.699473547116255,0.724708648564723,0.206810486383278,-0.319988457360473,-0.77286272890195,-0.78853987485347,-0.353344925392487
1,-0.699473547116255,0.757695371905003,0.190373911463654,-0.276921910500667,-0.765698068212969,-0.779599036530916,-0.353344925392487
1,-0.433647936952775,0.615440127500047,0.875231199781357,-0.621454285379112,-0.600910872366412,-0.934573567455194,-1.17489922560846
1,-0.66624534584582,0.747387020861165,0.206810486383278,-0.319988457360473,-0.754951077179498,-0.785559595412619,-0.353344925392487
1,-0.433647936952775,0.607193446664977,0.873404913679177,-0.621454285379112,-0.58299922064396,-0.925632729132639,-1.17489922560846
1,-0.433647936952775,0.598946765829907,0.900799205211885,-0.664520832238917,-0.593746211677431,-0.934573567455194,-1.17489922560846
1,-0.40041973568234,0.609255116873745,0.900799205211885,-0.621454285379112,-0.565087568921508,-0.925632729132639,-1.17489922560846
1,-0.33396333314147,0.646365180631559,0.933672355051135,-0.621454285379112,-0.511352613754152,-0.925632729132639,-1.17489922560846
1,0.662882704971582,0.95561571194668,-1.72722649582592,0.455209386116028,0.527523186148057,1.38408383752727,1.56361510844477
1,0.629654503701147,0.906135626936261,-1.73453164023464,0.455209386116028,0.516776195114586,1.38706411696812,1.56361510844477
1,0.629654503701147,1.00921913737463,-1.71444249311065,0.498275932975833,0.509611534425605,1.34832048423705,1.56361510844477
1,0.629654503701147,0.943245690694075,-1.72722649582592,0.455209386116028,0.523940855803567,1.38110355808642,1.56361510844477
1,0.662882704971582,0.95561571194668,-1.73087906803028,0.455209386116028,0.55976415924847,1.41686691137664,1.56361510844477
1,-0.765929949657125,0.677290233763071,0.290819647083583,-0.406121551080084,-0.808686032346854,-0.8481454636705,-0.901047792203134
1,-0.998527358550171,0.466999872468789,0.599461998352095,-0.750653925958528,-0.944814585437488,-0.961396082422857,-1.17489922560846
1,-0.898842754738866,0.640180170005257,0.195852769770195,-0.449188097939889,-0.883914969581152,-0.854106022552203,-0.901047792203134
1,-0.799158150927561,0.704091946477049,0.298124791492306,-0.449188097939889,-0.826597684069306,-0.860066581433906,-0.901047792203134
1,-0.965299157279736,0.526788308523046,0.58119913733029,-0.707587379098723,-0.937649924748507,-0.955435523541154,-1.17489922560846
1,-1.03175555982061,0.45050651079865,0.595809426147734,-0.750653925958528,-0.96630856750443,-0.961396082422857,-1.17489922560846
1,-0.832386352197996,0.681413574180606,0.257946497244334,-0.449188097939889,-0.851673996480738,-0.860066581433906,-0.901047792203134
1,-0.998527358550171,0.512356617061674,0.593983140045554,-0.750653925958528,-0.941232255092998,-0.964376361863709,-1.17489922560846
1,-0.898842754738866,0.642241840214024,0.221420775200723,-0.492254644799695,-0.887497299925642,-0.863046860874758,-0.901047792203134
1,-0.998527358550171,0.464938202260022,0.592156853943373,-0.750653925958528,-0.951979246126469,-0.958415802982006,-1.17489922560846
1,0.662882704971582,0.790682095245282,-1.78201507889133,0.369076292396416,0.55259949855949,1.49435417683878,1.56361510844477
1,0.662882704971582,0.770065393157608,-1.77836250668697,0.326009745536611,0.55259949855949,1.48839361795707,1.56361510844477
1,0.696110906242017,0.788620425036515,-1.78018879278915,0.326009745536611,0.566928819937451,1.50329501516133,1.56361510844477
1,0.795795510053323,1.37207309411771,-1.56103446052749,0.670542120415055,0.778286310262383,1.32149796926939,1.56361510844477
1,0.795795510053323,1.33496303035989,-1.56468703273185,0.62747557355525,0.796197961984835,1.34235992535535,1.56361510844477
1,0.795795510053323,1.35145639203003,-1.56468703273185,0.62747557355525,0.799780292329326,1.3453402047962,1.56361510844477
1,0.696110906242017,1.37413476432648,-1.49894073305335,0.670542120415055,0.634993096482768,1.10095729064638,1.56361510844477
1,0.729339107512452,1.38031977495278,-1.50989844966643,0.670542120415055,0.685145721305634,1.16056287946341,1.56361510844477
1,0.696110906242017,1.38650478557908,-1.48798301644027,0.62747557355525,0.620663775104807,1.07115449623786,1.56361510844477
1,0.729339107512452,1.37207309411771,-1.50076701915553,0.670542120415055,0.64932241786073,1.11585868785064,1.56361510844477
1,0.363828893537667,0.357731351404113,1.71714909288659,-1.310519035136,0.119137526876154,-1.00908055347648,-1.44875065901378
1,0.297372490996797,0.386594734326858,1.64409764879937,-1.22438594141639,0.0439085896418561,-1.00311999459478,-1.44875065901378
1,0.363828893537667,0.370101372656718,1.74089081221493,-1.310519035136,0.122719857220644,-1.01206083291733,-1.44875065901378
1,0.330600692267232,0.394841415161928,1.73358566780621,-1.310519035136,0.104808205498193,-1.01206083291733,-1.44875065901378
1,0.762567308782888,1.11436431802178,-1.67609048496486,0.412142839256222,0.710222033717066,1.45263026466686,1.56361510844477
1,0.795795510053323,1.07931592447273,-1.66878534055614,0.412142839256222,0.738880676472989,1.46455138243026,1.56361510844477
1,0.297372490996797,0.42576646829344,1.58383020742741,-1.09518630083697,0.0797318930867599,-0.979277759067966,-1.17489922560846
1,0.297372490996797,0.411334776832068,1.53452048266853,-1.05211975397717,0.0761495627422695,-0.973317200186263,-1.17489922560846
1,0.330600692267232,0.415458117249602,1.58565649352959,-1.09518630083697,0.0940612144647214,-0.979277759067966,-1.17489922560846
1,0.829023711323758,0.856655541925841,-1.78566765109569,0.153743558097389,0.767539319228912,1.67913150217157,1.56361510844477
1,0.829023711323758,0.864902222760911,-1.79114650940224,0.153743558097389,0.781868640606874,1.69999345825753,1.56361510844477
1,0.829023711323758,0.920567318397633,-1.77836250668697,0.153743558097389,0.774703979917893,1.67317094328987,1.56361510844477
1,0.829023711323758,0.881395584431051,-1.78384136499351,0.153743558097389,0.771121649573403,1.67913150217157,1.56361510844477
1,0.829023711323758,0.895827275892423,-1.78384136499351,0.153743558097389,0.781868640606874,1.68807234049412,1.56361510844477
1,0.729339107512452,0.93912235027654,-1.75279450125644,0.0676104643777775,0.64932241786073,1.52713725068814,1.56361510844477
1,0.762567308782888,0.959739052364215,-1.76375221786953,0.0245439175179719,0.710222033717066,1.59568367782773,1.56361510844477
1,0.696110906242017,0.965924062990517,-1.7473156429499,0.0676104643777775,0.624246105449297,1.49733445627963,1.56361510844477
1,0.729339107512452,0.949430701320378,-1.74914192905208,0.0245439175179719,0.627828435793788,1.50329501516133,1.56361510844477
1,0.729339107512452,0.96386239278175,-1.74914192905208,0.0245439175179719,0.638575426827259,1.51223585348389,1.56361510844477
1,0.696110906242017,0.970047403408052,-1.74001049854118,0.0676104643777775,0.613499114415826,1.47647250019367,1.56361510844477
1,0.662882704971582,1.38856645578785,-1.57747103544711,0.326009745536611,0.588422802004393,1.19036567387192,1.56361510844477
1,0.662882704971582,1.42773818975443,-1.57747103544711,0.326009745536611,0.588422802004393,1.19036567387192,1.56361510844477
1,0.729339107512452,0.98035575445189,-1.74366307074554,0.0245439175179719,0.638575426827259,1.50329501516133,1.56361510844477
1,0.696110906242017,0.978294084243122,-1.73270535413246,0.0245439175179719,0.609916784071336,1.46157110298941,1.56361510844477
1,0.696110906242017,0.976232414034355,-1.738184212439,0.0245439175179719,0.627828435793788,1.48541333851622,1.56361510844477
1,-0.367191534411905,0.56389837228086,-0.401342785642843,-0.836787019678139,-0.547175917199056,-0.687210373864519,-0.0794934919871643
1,0.729339107512452,0.98035575445189,-1.74366307074554,0.0245439175179719,0.634993096482768,1.50031473572048,1.56361510844477
1,-0.33396333314147,0.559775031863326,-0.35933820529269,-0.879853566537945,-0.511352613754152,-0.702111771068777,-0.0794934919871643
1,-0.59978894330495,0.456691521424952,-0.39403764123412,-0.879853566537945,-0.711963113045614,-0.752776521563252,-0.353344925392487
1,-0.799158150927561,0.341237989733974,-0.370295921905773,-0.92292011339775,-0.840927005447267,-0.806421551498579,-0.353344925392487
1,0.662882704971582,1.05663755217629,-1.71261620700847,0.0676104643777775,0.584840471659903,1.40792607305408,1.56361510844477
1,0.696110906242017,1.09580928614287,-1.71809506531501,0.0245439175179719,0.609916784071336,1.4377288674626,1.56361510844477
1,0.696110906242017,1.06488423301136,-1.71261620700847,0.0676104643777775,0.599169793037865,1.41984719081749,1.56361510844477
1,0.696110906242017,1.07931592447273,-1.71809506531501,0.0245439175179719,0.602752123382355,1.4317683085809,1.56361510844477
1,0.696110906242017,1.07931592447273,-1.71809506531501,0.0245439175179719,0.609916784071336,1.4377288674626,1.56361510844477
1,0.297372490996797,1.1700294136585,-1.17203552076303,-0.319988457360473,0.0976435448092118,0.200912899509227,1.01591224163413
1,0.297372490996797,1.19270778595494,-1.18116695127393,-0.319988457360473,0.090478884120231,0.20687345839093,1.01591224163413
1,0.264144289726362,1.16796774344973,-1.17934066517175,-0.319988457360473,0.061820241364308,0.18601150230497,1.01591224163413
1,0.230916088455926,1.17415275407603,-1.18116695127393,-0.319988457360473,0.0295792682638946,0.171110105100712,1.01591224163413
1,0.829023711323758,1.70400199772927,-1.55555560222095,0.239876651817,0.84276825646321,1.36620216088216,1.56361510844477
1,0.696110906242017,1.48546495559992,-1.38388470861597,-0.190788816781056,0.631410766138278,0.910219406431884,1.56361510844477
1,0.829023711323758,1.67513861480653,-1.56103446052749,0.196810104957194,0.849932917152191,1.38110355808642,1.56361510844477
1,0.829023711323758,1.6895703062679,-1.55555560222095,0.239876651817,0.835603595774229,1.36024160200046,1.56361510844477
1,0.829023711323758,1.68750863605913,-1.55555560222095,0.239876651817,0.83918592611872,1.36322188144131,1.56361510844477
1,0.662882704971582,1.50195831727006,-1.39301613912688,-0.14772226992125,0.592005132348884,0.892337729786775,1.56361510844477
1,0.696110906242017,1.53906838102787,-1.38753728082034,-0.190788816781056,0.656487078549711,0.937041921399547,1.56361510844477
1,-1.99537339666322,-0.110267785986103,-0.415953074460287,-0.965986660257556,-1.38902354815429,-0.949474964659451,-0.901047792203134
1,0.662882704971582,1.49989664706129,-1.39666871133124,-0.14772226992125,0.577675810970922,0.886377170905072,1.56361510844477
1,-1.56340678014757,0.05054249029776,-0.485351946343147,-0.965986660257556,-1.22781868265223,-0.88688909640157,-0.627196358797811
1,-1.79600418904061,-0.0257393074266365,-0.452478796503898,-0.965986660257556,-1.31379461092,-0.922652449691788,-0.627196358797811
1,-1.56340678014757,0.0422958094626901,-0.507267379569314,-0.965986660257556,-1.21707169161876,-0.874967978638164,-0.353344925392487
1,0.596426302430712,1.47927994497362,-1.37292699200289,-0.363055004220278,0.477370561325192,0.764185713830161,1.56361510844477
1,0.529969899889842,1.39475146641415,-1.38023213641161,-0.319988457360473,0.412888615124365,0.72246180165824,1.56361510844477
1,0.496741698619407,1.38444311537031,-1.37292699200289,-0.363055004220278,0.377065311679461,0.680737889486319,1.56361510844477
1,0.496741698619407,1.40505981745799,-1.37657956420725,-0.319988457360473,0.377065311679461,0.686698448368022,1.56361510844477
1,0.363828893537667,1.23187951992152,-1.36379556149199,-0.276921910500667,0.169290151699019,0.492980284712674,1.56361510844477
1,0.662882704971582,1.46278658330348,-1.61764932969508,0.153743558097389,0.609916784071336,1.27381349821577,1.56361510844477
1,0.662882704971582,1.44423155142457,-1.62312818800163,0.153743558097389,0.592005132348884,1.26785293933406,1.56361510844477
1,0.662882704971582,1.47927994497362,-1.61947561579726,0.153743558097389,0.609916784071336,1.27679377765662,1.56361510844477
1,0.662882704971582,1.47515660455608,-1.62130190189945,0.153743558097389,0.606334453726845,1.27679377765662,1.56361510844477
1,0.662882704971582,1.48958829601746,-1.62495447410381,0.110677011237583,0.606334453726845,1.28275433653832,1.56361510844477
1,0.662882704971582,1.03602085008861,-1.73635792633682,-0.104655723061445,0.55618182890398,1.42282747025834,1.56361510844477
1,0.662882704971582,1.0112808075834,-1.74001049854118,-0.104655723061445,0.570511150281942,1.44070914690345,1.56361510844477
1,0.629654503701147,1.03395917987984,-1.73635792633682,-0.104655723061445,0.523940855803567,1.39600495529068,1.56361510844477
1,0.629654503701147,1.01952748841847,-1.73635792633682,-0.104655723061445,0.516776195114586,1.39004439640898,1.56361510844477
1,0.297372490996797,0.184551053867646,1.37928616398319,-2.0857168786125,0.0582379110198176,-1.03292278900329,-1.7226020924191
1,0.264144289726362,0.149502660318599,1.34641301414394,-2.0857168786125,0.0188322772304235,-1.03292278900329,-1.7226020924191
1,0.297372490996797,0.182489383658878,1.37015473347228,-2.0857168786125,0.0510732503308369,-1.03292278900329,-1.7226020924191
1,0.297372490996797,0.209291096372855,1.36467587516574,-2.12878342547231,0.0510732503308369,-1.03292278900329,-1.7226020924191
1,0.496741698619407,1.02158915862724,-0.96566519121663,-1.310519035136,0.326912686856596,-0.00770666135037764,1.28976367503945
1,0.928708315135063,1.88955231651834,-1.65052247953433,0.0245439175179719,1.01830244334324,1.66721038440816,1.56361510844477
1,0.463513497348972,1.00303412674833,-1.00766977156678,-1.310519035136,0.276760062033731,0.0131552947355829,1.28976367503945
1,0.430285296078537,0.974170743825587,-0.956533760705728,-1.35358558199581,0.255266079966788,-0.0822136473716651,1.28976367503945
1,0.463513497348972,0.965924062990517,-0.978449193931894,-1.35358558199581,0.305418704789654,-0.00472638190952614,1.28976367503945
1,0.696110906242017,1.6132885085435,-1.6541750517387,0.0245439175179719,0.64932241786073,1.36620216088216,1.56361510844477
1,0.895480113864628,1.89367565693588,-1.65052247953433,0.0245439175179719,1.00039079162079,1.65230898720391,1.56361510844477
1,0.895480113864628,1.88542897610081,-1.6541750517387,-0.0185226293418336,1.00755545230977,1.66423010496731,1.56361510844477
1,0.895480113864628,1.89573732714465,-1.6541750517387,-0.0185226293418336,1.01113778265426,1.66721038440816,1.56361510844477
1,0.397057094808102,0.949430701320378,-1.00036462715806,-1.310519035136,0.201531124799433,-0.0583714118448531,1.28976367503945
1,0.696110906242017,1.6009184872909,-1.66148019614742,0.0245439175179719,0.638575426827259,1.36918244032301,1.56361510844477
1,0.696110906242017,1.60298015749967,-1.65965391004524,-0.0185226293418336,0.64932241786073,1.37514299920472,1.56361510844477
1,0.696110906242017,1.60504182770843,-1.65965391004524,-0.0185226293418336,0.645740087516239,1.37216271976387,1.56361510844477
1,0.895480113864628,1.89573732714465,-1.65782762394306,-0.0185226293418336,1.00397312196528,1.66721038440816,1.56361510844477
1,0.696110906242017,1.6009184872909,-1.6633064822496,-0.0185226293418336,0.645740087516239,1.37812327864557,1.56361510844477
1,0.829023711323758,1.82564054004655,-1.71444249311065,-0.14772226992125,0.853515247496681,1.6344273105588,1.56361510844477
1,0.795795510053323,1.84419557192546,-1.71261620700847,-0.14772226992125,0.832021265429739,1.61356535447284,1.56361510844477
1,0.795795510053323,1.83388722088162,-1.71444249311065,-0.14772226992125,0.83918592611872,1.62250619279539,1.56361510844477
1,0.629654503701147,1.41330649829306,-1.73270535413246,-0.14772226992125,0.538270177181528,1.40196551417238,1.56361510844477
1,0.795795510053323,1.84625724213423,-1.71626877921283,-0.14772226992125,0.821274274396268,1.61058507503199,1.56361510844477
1,0.629654503701147,1.4359848705895,-1.73453164023464,-0.190788816781056,0.534687846837038,1.40196551417238,1.56361510844477
1,0.596426302430712,1.4297998599632,-1.7290527819281,-0.190788816781056,0.509611534425605,1.37216271976387,1.56361510844477
1,0.596426302430712,1.37413476432648,-1.73087906803028,-0.190788816781056,0.502446873736624,1.36918244032301,1.56361510844477
1,0.596426302430712,1.39062812599662,-1.73087906803028,-0.233855363640861,0.502446873736624,1.36918244032301,1.56361510844477
1,0.529969899889842,1.44629322163334,-1.59938646867328,-0.750653925958528,0.427217936502326,1.09201645232383,1.56361510844477
1,0.529969899889842,1.39887480683169,-1.60121275477546,-0.750653925958528,0.412888615124365,1.08307561400127,1.56361510844477
1,0.529969899889842,1.4236148493369,-1.59938646867328,-0.750653925958528,0.427217936502326,1.09201645232383,1.56361510844477
1,0.529969899889842,1.38650478557908,-1.60121275477546,-0.750653925958528,0.412888615124365,1.08307561400127,1.56361510844477
1,0.529969899889842,1.4236148493369,-1.60121275477546,-0.750653925958528,0.394976963401913,1.06817421679701,1.56361510844477
1,0.529969899889842,1.4297998599632,-1.62130190189945,-0.621454285379112,0.391394633057423,1.09797701120553,1.56361510844477
1,0.496741698619407,1.45866324288594,-1.62130190189945,-0.621454285379112,0.384229972368442,1.09201645232383,1.56361510844477
1,0.529969899889842,1.44010821100704,-1.61947561579726,-0.621454285379112,0.391394633057423,1.09499673176468,1.56361510844477
1,0.496741698619407,1.46278658330348,-1.62130190189945,-0.621454285379112,0.384229972368442,1.09201645232383,1.56361510844477
1,0.496741698619407,1.40918315787552,-1.62312818800163,-0.621454285379112,0.377065311679461,1.08903617288297,1.56361510844477
1,0.662882704971582,1.64833690209255,-1.69435334598667,-0.5353211916595,0.609916784071336,1.39898523473153,1.56361510844477
1,0.662882704971582,1.72668037002571,-1.68522191547576,-0.578387738519306,0.599169793037865,1.37514299920472,1.56361510844477
1,0.662882704971582,1.67926195522406,-1.69070077378231,-0.5353211916595,0.599169793037865,1.38408383752727,1.56361510844477
1,0.662882704971582,1.65039857230132,-1.69070077378231,-0.5353211916595,0.620663775104807,1.40196551417238,1.56361510844477
1,0.662882704971582,1.54319172144541,-1.77836250668697,-0.406121551080084,0.592005132348884,1.52117669180644,1.56361510844477
1,0.662882704971582,1.48134161518239,-1.78018879278915,-0.406121551080084,0.588422802004393,1.52117669180644,1.56361510844477
1,0.662882704971582,1.52257501935773,-1.78018879278915,-0.406121551080084,0.588422802004393,1.52117669180644,1.56361510844477
1,0.662882704971582,1.52257501935773,-1.78018879278915,-0.406121551080084,0.584840471659903,1.51819641236559,1.56361510844477
1,0.662882704971582,1.51020499810513,-1.78201507889133,-0.449188097939889,0.577675810970922,1.51521613292474,1.56361510844477
1,0.430285296078537,0.98035575445189,-1.75279450125644,-0.793720472818334,0.262430740655769,1.20526707107618,1.56361510844477
1,0.430285296078537,0.941184020485308,-1.75096821515426,-0.793720472818334,0.258848410311279,1.19930651219448,1.56361510844477
1,0.430285296078537,0.93912235027654,-1.75279450125644,-0.793720472818334,0.244519088933317,1.19036567387192,1.56361510844477
